Date,Doc_id,Message,Sentiment,Time,tok_words,filtered_tok_words
2021-02-10,286988148,"$SPY So the Low in $BABA was on 1/12 at $225 &amp; when everyone on every Ch was pushing bs narratives while back in Dec it was clear Xi was back on Team Ma &amp; the thing to do was ignore the Haters, Talking Heads, CNBC, Bloomberg &amp; all the rest of the noise &amp; Buy that dip, I was doing just that.

 The &quot;Big Money&quot; in trading comes from doing what others are afraid to do, thats what we get paid for, People who need everything to feel good or for things to be perfect &amp; safe will never make any real headway, its when you&#39;re most afraid &amp; have to risk it is when you will really move ahead in this game of Chess. 90% of the Hate you get on ST are from people who aren&#39;t even trading, they&#39;re just trolling. Ignore them, do your own DueDilly &amp; take some chances! 

$BIDU $JD $AAPL",N/A,03:23:28Z,"['$', 'SPY', 'So', 'the', 'Low', 'in', '$', 'BABA', 'was', 'on', '1/12', 'at', '$', '225', '&', 'amp', ';', 'when', 'everyone', 'on', 'every', 'Ch', 'was', 'pushing', 'bs', 'narratives', 'while', 'back', 'in', 'Dec', 'it', 'was', 'clear', 'Xi', 'was', 'back', 'on', 'Team', 'Ma', '&', 'amp', ';', 'the', 'thing', 'to', 'do', 'was', 'ignore', 'the', 'Haters', ',', 'Talking', 'Heads', ',', 'CNBC', ',', 'Bloomberg', '&', 'amp', ';', 'all', 'the', 'rest', 'of', 'the', 'noise', '&', 'amp', ';', 'Buy', 'that', 'dip', ',', 'I', 'was', 'doing', 'just', 'that', '.', 'The', '&', 'quot', ';', 'Big', 'Money', '&', 'quot', ';', 'in', 'trading', 'comes', 'from', 'doing', 'what', 'others', 'are', 'afraid', 'to', 'do', ',', 'thats', 'what', 'we', 'get', 'paid', 'for', ',', 'People', 'who', 'need', 'everything', 'to', 'feel', 'good', 'or', 'for', 'things', 'to', 'be', 'perfect', '&', 'amp', ';', 'safe', 'will', 'never', 'make', 'any', 'real', 'headway', ',', 'its', 'when', 'you', '&', '#', '39', ';', 're', 'most', 'afraid', '&', 'amp', ';', 'have', 'to', 'risk', 'it', 'is', 'when', 'you', 'will', 'really', 'move', 'ahead', 'in', 'this', 'game', 'of', 'Chess', '.', '90', '%', 'of', 'the', 'Hate', 'you', 'get', 'on', 'ST', 'are', 'from', 'people', 'who', 'aren', '&', '#', '39', ';', 't', 'even', 'trading', ',', 'they', '&', '#', '39', ';', 're', 'just', 'trolling', '.', 'Ignore', 'them', ',', 'do', 'your', 'own', 'DueDilly', '&', 'amp', ';', 'take', 'some', 'chances', '!', '$', 'BIDU', '$', 'JD', '$', 'AAPL']","['$', 'SPY', 'So', 'Low', '$', 'BABA', '1/12', '$', '225', '&', 'amp', ';', 'everyone', 'every', 'Ch', 'pushing', 'bs', 'narratives', 'back', 'Dec', 'clear', 'Xi', 'back', 'Team', 'Ma', '&', 'amp', ';', 'thing', 'ignore', 'Haters', ',', 'Talking', 'Heads', ',', 'CNBC', ',', 'Bloomberg', '&', 'amp', ';', 'rest', 'noise', '&', 'amp', ';', 'Buy', 'dip', ',', 'I', '.', 'The', '&', 'quot', ';', 'Big', 'Money', '&', 'quot', ';', 'trading', 'comes', 'others', 'afraid', ',', 'thats', 'get', 'paid', ',', 'People', 'need', 'everything', 'feel', 'good', 'things', 'perfect', '&', 'amp', ';', 'safe', 'never', 'make', 'real', 'headway', ',', '&', '#', '39', ';', 'afraid', '&', 'amp', ';', 'risk', 'really', 'move', 'ahead', 'game', 'Chess', '.', '90', '%', 'Hate', 'get', 'ST', 'people', '&', '#', '39', ';', 'even', 'trading', ',', '&', '#', '39', ';', 'trolling', '.', 'Ignore', ',', 'DueDilly', '&', 'amp', ';', 'take', 'chances', '!', '$', 'BIDU', '$', 'JD', '$', 'AAPL']"
2021-02-10,286986616,$AAPL 5 to 10 new news is last 2 hours üöÄüöÄ,Bullish,03:18:47Z,"['$', 'AAPL', '5', 'to', '10', 'new', 'news', 'is', 'last', '2', 'hours', 'üöÄüöÄ']","['$', 'AAPL', '5', '10', 'new', 'news', 'last', '2', 'hours', 'üöÄüöÄ']"
2021-02-10,286986485,$AAPL new shit has come to light üí°,Bullish,03:18:22Z,"['$', 'AAPL', 'new', 'shit', 'has', 'come', 'to', 'light', 'üí°']","['$', 'AAPL', 'new', 'shit', 'come', 'light', 'üí°']"
2021-02-10,286986384,"$BABA 

Looking forward to Ma√±ana :). 200 calls @ 267.50 &amp; 100 calls  @ 265.",N/A,03:18:06Z,"['$', 'BABA', 'Looking', 'forward', 'to', 'Ma√±ana', ':', ')', '.', '200', 'calls', '@', '267.50', '&', 'amp', ';', '100', 'calls', '@', '265', '.']","['$', 'BABA', 'Looking', 'forward', 'Ma√±ana', ':', ')', '.', '200', 'calls', '@', '267.50', '&', 'amp', ';', '100', 'calls', '@', '265', '.']"
2021-02-10,286986311,"$AAPL 
Offlate...there is lot of fake news being propagated by media....
Slowly the world is realizing that the products laumced by apple are crap...
Look at the sales ofniphone mini....disaster product....apple tv...no one is buying it....",Bearish,03:17:53Z,"['$', 'AAPL', 'Offlate', '...', 'there', 'is', 'lot', 'of', 'fake', 'news', 'being', 'propagated', 'by', 'media', '...', '.', 'Slowly', 'the', 'world', 'is', 'realizing', 'that', 'the', 'products', 'laumced', 'by', 'apple', 'are', 'crap', '...', 'Look', 'at', 'the', 'sales', 'ofniphone', 'mini', '...', '.disaster', 'product', '...', '.apple', 'tv', '...', 'no', 'one', 'is', 'buying', 'it', '...', '.']","['$', 'AAPL', 'Offlate', '...', 'lot', 'fake', 'news', 'propagated', 'media', '...', '.', 'Slowly', 'world', 'realizing', 'products', 'laumced', 'apple', 'crap', '...', 'Look', 'sales', 'ofniphone', 'mini', '...', '.disaster', 'product', '...', '.apple', 'tv', '...', 'one', 'buying', '...', '.']"
2021-02-10,286985896,"$TLRY $BABA $BTC.X 

GOOD NIGHT üò¥üò¥

SHOW ME YOUR LOVE .... ABOUT MONEY...WE PROVIDE BEST CRYPTO CALLS üòÅ
GO MY PROFILE AND SEE EVERYTHING üòå‚ò∫Ô∏è",Bullish,03:16:38Z,"['$', 'TLRY', '$', 'BABA', '$', 'BTC.X', 'GOOD', 'NIGHT', 'üò¥üò¥', 'SHOW', 'ME', 'YOUR', 'LOVE', '...', '.', 'ABOUT', 'MONEY', '...', 'WE', 'PROVIDE', 'BEST', 'CRYPTO', 'CALLS', 'üòÅ', 'GO', 'MY', 'PROFILE', 'AND', 'SEE', 'EVERYTHING', 'üòå‚ò∫Ô∏è']","['$', 'TLRY', '$', 'BABA', '$', 'BTC.X', 'GOOD', 'NIGHT', 'üò¥üò¥', 'SHOW', 'ME', 'YOUR', 'LOVE', '...', '.', 'ABOUT', 'MONEY', '...', 'WE', 'PROVIDE', 'BEST', 'CRYPTO', 'CALLS', 'üòÅ', 'GO', 'MY', 'PROFILE', 'AND', 'SEE', 'EVERYTHING', 'üòå‚ò∫Ô∏è']"
2021-02-10,286985779,$BABA  two words ‚ÄúCathie Wood‚Äù,Bullish,03:16:20Z,"['$', 'BABA', 'two', 'words', '‚Äú', 'Cathie', 'Wood', '‚Äù']","['$', 'BABA', 'two', 'words', '‚Äú', 'Cathie', 'Wood', '‚Äù']"
2021-02-10,286985700,"Why You Should Never Short The Stock Market

smartoptions.ai/post/nevershortstocks

$spy $aapl $tsla",N/A,03:16:02Z,"['Why', 'You', 'Should', 'Never', 'Short', 'The', 'Stock', 'Market', 'smartoptions.ai/post/nevershortstocks', '$', 'spy', '$', 'aapl', '$', 'tsla']","['Why', 'You', 'Should', 'Never', 'Short', 'The', 'Stock', 'Market', 'smartoptions.ai/post/nevershortstocks', '$', 'spy', '$', 'aapl', '$', 'tsla']"
2021-02-10,286985084,$BABA let‚Äôs get some news rolling give me a date for ant üêú IPO and We‚Äôll be at a th before ya know it,Bullish,03:14:20Z,"['$', 'BABA', 'let', '‚Äô', 's', 'get', 'some', 'news', 'rolling', 'give', 'me', 'a', 'date', 'for', 'ant', 'üêú', 'IPO', 'and', 'We', '‚Äô', 'll', 'be', 'at', 'a', 'th', 'before', 'ya', 'know', 'it']","['$', 'BABA', 'let', '‚Äô', 'get', 'news', 'rolling', 'give', 'date', 'ant', 'üêú', 'IPO', 'We', '‚Äô', 'th', 'ya', 'know']"
2021-02-10,286985038,$SMH $TSM $AAPL,Bullish,03:14:13Z,"['$', 'SMH', '$', 'TSM', '$', 'AAPL']","['$', 'SMH', '$', 'TSM', '$', 'AAPL']"
2021-02-10,286984977,$AAPL this one got too fatty. Cant even move,N/A,03:14:01Z,"['$', 'AAPL', 'this', 'one', 'got', 'too', 'fatty', '.', 'Cant', 'even', 'move']","['$', 'AAPL', 'one', 'got', 'fatty', '.', 'Cant', 'even', 'move']"
2021-02-10,286984874,"$AAPL  
Hahahhaa....bag holder...lol",N/A,03:13:45Z,"['$', 'AAPL', 'Hahahhaa', '...', '.bag', 'holder', '...', 'lol']","['$', 'AAPL', 'Hahahhaa', '...', '.bag', 'holder', '...', 'lol']"
2021-02-10,286984534,"$AAL $AAPL $ABBV $ABNB $ABT |}|

Most winning trading chatroom! For a limited time, we are opening our trading chat room to the public! 365% success rate in an hour.  dailyalerts.livestockchat.net/",N/A,03:12:48Z,"['$', 'AAL', '$', 'AAPL', '$', 'ABBV', '$', 'ABNB', '$', 'ABT', '|', '}', '|', 'Most', 'winning', 'trading', 'chatroom', '!', 'For', 'a', 'limited', 'time', ',', 'we', 'are', 'opening', 'our', 'trading', 'chat', 'room', 'to', 'the', 'public', '!', '365', '%', 'success', 'rate', 'in', 'an', 'hour', '.', 'dailyalerts.livestockchat.net/']","['$', 'AAL', '$', 'AAPL', '$', 'ABBV', '$', 'ABNB', '$', 'ABT', '|', '}', '|', 'Most', 'winning', 'trading', 'chatroom', '!', 'For', 'limited', 'time', ',', 'opening', 'trading', 'chat', 'room', 'public', '!', '365', '%', 'success', 'rate', 'hour', '.', 'dailyalerts.livestockchat.net/']"
2021-02-10,286984272,$AAPL $140 tmw,Bullish,03:12:06Z,"['$', 'AAPL', '$', '140', 'tmw']","['$', 'AAPL', '$', '140', 'tmw']"
2021-02-10,286984227,$AAPL,Bullish,03:11:57Z,"['$', 'AAPL']","['$', 'AAPL']"
2021-02-10,286984047,"@IneedmoneyME2 @Nickbent3131 @Armchairgawd Yes. That would be $QCOM... Remember $GTAT? Did they magically morph into $AAPL? Nope, they went bankrupt.",N/A,03:11:26Z,"['@', 'IneedmoneyME2', '@', 'Nickbent3131', '@', 'Armchairgawd', 'Yes', '.', 'That', 'would', 'be', '$', 'QCOM', '...', 'Remember', '$', 'GTAT', '?', 'Did', 'they', 'magically', 'morph', 'into', '$', 'AAPL', '?', 'Nope', ',', 'they', 'went', 'bankrupt', '.']","['@', 'IneedmoneyME2', '@', 'Nickbent3131', '@', 'Armchairgawd', 'Yes', '.', 'That', 'would', '$', 'QCOM', '...', 'Remember', '$', 'GTAT', '?', 'Did', 'magically', 'morph', '$', 'AAPL', '?', 'Nope', ',', 'went', 'bankrupt', '.']"
2021-02-10,286983327,"APPLE PARTNERS WITH TSMC FOR ULTRA-ADVANCED DISPLAY TECH: NIKKEI

$AAPL $SPY",N/A,03:09:17Z,"['APPLE', 'PARTNERS', 'WITH', 'TSMC', 'FOR', 'ULTRA-ADVANCED', 'DISPLAY', 'TECH', ':', 'NIKKEI', '$', 'AAPL', '$', 'SPY']","['APPLE', 'PARTNERS', 'WITH', 'TSMC', 'FOR', 'ULTRA-ADVANCED', 'DISPLAY', 'TECH', ':', 'NIKKEI', '$', 'AAPL', '$', 'SPY']"
2021-02-10,286983273,"$AAPL | Apple Partners With TSMC To Develop Ultra-Advanced Displays - Nikkei
https://asia.nikkei.com/Business/Technology/Apple-partners-with-TSMC-to-develop-ultra-advanced-displays",N/A,03:09:05Z,"['$', 'AAPL', '|', 'Apple', 'Partners', 'With', 'TSMC', 'To', 'Develop', 'Ultra-Advanced', 'Displays', '-', 'Nikkei', 'https', ':', '//asia.nikkei.com/Business/Technology/Apple-partners-with-TSMC-to-develop-ultra-advanced-displays']","['$', 'AAPL', '|', 'Apple', 'Partners', 'With', 'TSMC', 'To', 'Develop', 'Ultra-Advanced', 'Displays', '-', 'Nikkei', 'https', ':', '//asia.nikkei.com/Business/Technology/Apple-partners-with-TSMC-to-develop-ultra-advanced-displays']"
2021-02-10,286983080,"Amazing week from the gains of over 2490% and over 15% returns, A big thank you to this community(64k+ members).. stocksalert.online

$aal $ba $aapl $bac  $c",Bullish,03:08:34Z,"['Amazing', 'week', 'from', 'the', 'gains', 'of', 'over', '2490', '%', 'and', 'over', '15', '%', 'returns', ',', 'A', 'big', 'thank', 'you', 'to', 'this', 'community', '(', '64k+', 'members', ')', '..', 'stocksalert.online', '$', 'aal', '$', 'ba', '$', 'aapl', '$', 'bac', '$', 'c']","['Amazing', 'week', 'gains', '2490', '%', '15', '%', 'returns', ',', 'A', 'big', 'thank', 'community', '(', '64k+', 'members', ')', '..', 'stocksalert.online', '$', 'aal', '$', 'ba', '$', 'aapl', '$', 'bac', '$', 'c']"
2021-02-10,286982958,"@SPACE_GHOST_C2C I don&#39;t think any of these traditional auto manufacturers have what it takes to build a car OS platform because that&#39;s the bottom line, a software platform, all the hardware of a traditional car is not what matters in the near future. Even I have doubt of tesla but at least they have a head start with those gazillions of data collected. 
 
$AAPL might be it. Let&#39;s see how they develop this software platform.",N/A,03:08:11Z,"['@', 'SPACE_GHOST_C2C', 'I', 'don', '&', '#', '39', ';', 't', 'think', 'any', 'of', 'these', 'traditional', 'auto', 'manufacturers', 'have', 'what', 'it', 'takes', 'to', 'build', 'a', 'car', 'OS', 'platform', 'because', 'that', '&', '#', '39', ';', 's', 'the', 'bottom', 'line', ',', 'a', 'software', 'platform', ',', 'all', 'the', 'hardware', 'of', 'a', 'traditional', 'car', 'is', 'not', 'what', 'matters', 'in', 'the', 'near', 'future', '.', 'Even', 'I', 'have', 'doubt', 'of', 'tesla', 'but', 'at', 'least', 'they', 'have', 'a', 'head', 'start', 'with', 'those', 'gazillions', 'of', 'data', 'collected', '.', '$', 'AAPL', 'might', 'be', 'it', '.', 'Let', '&', '#', '39', ';', 's', 'see', 'how', 'they', 'develop', 'this', 'software', 'platform', '.']","['@', 'SPACE_GHOST_C2C', 'I', '&', '#', '39', ';', 'think', 'traditional', 'auto', 'manufacturers', 'takes', 'build', 'car', 'OS', 'platform', '&', '#', '39', ';', 'bottom', 'line', ',', 'software', 'platform', ',', 'hardware', 'traditional', 'car', 'matters', 'near', 'future', '.', 'Even', 'I', 'doubt', 'tesla', 'least', 'head', 'start', 'gazillions', 'data', 'collected', '.', '$', 'AAPL', 'might', '.', 'Let', '&', '#', '39', ';', 'see', 'develop', 'software', 'platform', '.']"
2021-02-10,286982782,$AAPL Weekly Chart Just Another Hopium,Bullish,03:07:40Z,"['$', 'AAPL', 'Weekly', 'Chart', 'Just', 'Another', 'Hopium']","['$', 'AAPL', 'Weekly', 'Chart', 'Just', 'Another', 'Hopium']"
2021-02-10,286982376,"$AAPL the apple car thing is actually quite ingenious, while i look for reliability hence why i drive a toyota 4 runner with the most garbage infotainment system, most consumer would gladly take a trash car with the best infotainment system out there, i mean apple car play is already a deciding factor when people buy cars now",N/A,03:06:34Z,"['$', 'AAPL', 'the', 'apple', 'car', 'thing', 'is', 'actually', 'quite', 'ingenious', ',', 'while', 'i', 'look', 'for', 'reliability', 'hence', 'why', 'i', 'drive', 'a', 'toyota', '4', 'runner', 'with', 'the', 'most', 'garbage', 'infotainment', 'system', ',', 'most', 'consumer', 'would', 'gladly', 'take', 'a', 'trash', 'car', 'with', 'the', 'best', 'infotainment', 'system', 'out', 'there', ',', 'i', 'mean', 'apple', 'car', 'play', 'is', 'already', 'a', 'deciding', 'factor', 'when', 'people', 'buy', 'cars', 'now']","['$', 'AAPL', 'apple', 'car', 'thing', 'actually', 'quite', 'ingenious', ',', 'look', 'reliability', 'hence', 'drive', 'toyota', '4', 'runner', 'garbage', 'infotainment', 'system', ',', 'consumer', 'would', 'gladly', 'take', 'trash', 'car', 'best', 'infotainment', 'system', ',', 'mean', 'apple', 'car', 'play', 'already', 'deciding', 'factor', 'people', 'buy', 'cars']"
2021-02-10,286981815,$AAPL I just read this and I think I‚Äôm going to invest I got so much money in so many stocks I think this cryptocurrency thing he‚Äôs going to boom DOGEcoin although down today I think it has great potential https://finance.yahoo.com/amphtml/news/bitcoin-dogecoin-grow-more-2022-172029032.html,N/A,03:05:01Z,"['$', 'AAPL', 'I', 'just', 'read', 'this', 'and', 'I', 'think', 'I', '‚Äô', 'm', 'going', 'to', 'invest', 'I', 'got', 'so', 'much', 'money', 'in', 'so', 'many', 'stocks', 'I', 'think', 'this', 'cryptocurrency', 'thing', 'he', '‚Äô', 's', 'going', 'to', 'boom', 'DOGEcoin', 'although', 'down', 'today', 'I', 'think', 'it', 'has', 'great', 'potential', 'https', ':', '//finance.yahoo.com/amphtml/news/bitcoin-dogecoin-grow-more-2022-172029032.html']","['$', 'AAPL', 'I', 'read', 'I', 'think', 'I', '‚Äô', 'going', 'invest', 'I', 'got', 'much', 'money', 'many', 'stocks', 'I', 'think', 'cryptocurrency', 'thing', '‚Äô', 'going', 'boom', 'DOGEcoin', 'although', 'today', 'I', 'think', 'great', 'potential', 'https', ':', '//finance.yahoo.com/amphtml/news/bitcoin-dogecoin-grow-more-2022-172029032.html']"
2021-02-10,286981764,@ingl3585 sold a big portion of my $AAPL stock to buy this in January.  No regrets.,Bullish,03:04:53Z,"['@', 'ingl3585', 'sold', 'a', 'big', 'portion', 'of', 'my', '$', 'AAPL', 'stock', 'to', 'buy', 'this', 'in', 'January', '.', 'No', 'regrets', '.']","['@', 'ingl3585', 'sold', 'big', 'portion', '$', 'AAPL', 'stock', 'buy', 'January', '.', 'No', 'regrets', '.']"
2021-02-10,286981619,"$BABA Today was a nice recovery from yesterday. However, it&#39;s still nothing more than continued consolidation until this can break and hold $270. After that, next resistance area is $280. Above $280, and there&#39;s nothing stopping it from running back to previous ATH and beyond.",N/A,03:04:26Z,"['$', 'BABA', 'Today', 'was', 'a', 'nice', 'recovery', 'from', 'yesterday', '.', 'However', ',', 'it', '&', '#', '39', ';', 's', 'still', 'nothing', 'more', 'than', 'continued', 'consolidation', 'until', 'this', 'can', 'break', 'and', 'hold', '$', '270', '.', 'After', 'that', ',', 'next', 'resistance', 'area', 'is', '$', '280', '.', 'Above', '$', '280', ',', 'and', 'there', '&', '#', '39', ';', 's', 'nothing', 'stopping', 'it', 'from', 'running', 'back', 'to', 'previous', 'ATH', 'and', 'beyond', '.']","['$', 'BABA', 'Today', 'nice', 'recovery', 'yesterday', '.', 'However', ',', '&', '#', '39', ';', 'still', 'nothing', 'continued', 'consolidation', 'break', 'hold', '$', '270', '.', 'After', ',', 'next', 'resistance', 'area', '$', '280', '.', 'Above', '$', '280', ',', '&', '#', '39', ';', 'nothing', 'stopping', 'running', 'back', 'previous', 'ATH', 'beyond', '.']"
2021-02-10,286981551,$AAPL going higher buying back stock plus great dividend. Stock will rise in 2021,Bullish,03:04:15Z,"['$', 'AAPL', 'going', 'higher', 'buying', 'back', 'stock', 'plus', 'great', 'dividend', '.', 'Stock', 'will', 'rise', 'in', '2021']","['$', 'AAPL', 'going', 'higher', 'buying', 'back', 'stock', 'plus', 'great', 'dividend', '.', 'Stock', 'rise', '2021']"
2021-02-10,286981265,$AAPL Get some doge coin üöÄüöÄ,Bullish,03:03:27Z,"['$', 'AAPL', 'Get', 'some', 'doge', 'coin', 'üöÄüöÄ']","['$', 'AAPL', 'Get', 'doge', 'coin', 'üöÄüöÄ']"
2021-02-10,286981105,"@Instinct121 I don&#39;t think Buffett cares if $AAPL creates a crypto wallet. He trusts Tim Cook and believe&#39;s in Apple&#39;s brand too much to offload a highly profitable $100 billion position. Plus, just because Apple creates a crypto wallet doesn&#39;t mean it&#39;ll take ownership (or any meaningful amount) in BTC or ETH. A wallet is good for Apple especially if it increases Apple&#39;s footprint in mobile payments",N/A,03:03:00Z,"['@', 'Instinct121', 'I', 'don', '&', '#', '39', ';', 't', 'think', 'Buffett', 'cares', 'if', '$', 'AAPL', 'creates', 'a', 'crypto', 'wallet', '.', 'He', 'trusts', 'Tim', 'Cook', 'and', 'believe', '&', '#', '39', ';', 's', 'in', 'Apple', '&', '#', '39', ';', 's', 'brand', 'too', 'much', 'to', 'offload', 'a', 'highly', 'profitable', '$', '100', 'billion', 'position', '.', 'Plus', ',', 'just', 'because', 'Apple', 'creates', 'a', 'crypto', 'wallet', 'doesn', '&', '#', '39', ';', 't', 'mean', 'it', '&', '#', '39', ';', 'll', 'take', 'ownership', '(', 'or', 'any', 'meaningful', 'amount', ')', 'in', 'BTC', 'or', 'ETH', '.', 'A', 'wallet', 'is', 'good', 'for', 'Apple', 'especially', 'if', 'it', 'increases', 'Apple', '&', '#', '39', ';', 's', 'footprint', 'in', 'mobile', 'payments']","['@', 'Instinct121', 'I', '&', '#', '39', ';', 'think', 'Buffett', 'cares', '$', 'AAPL', 'creates', 'crypto', 'wallet', '.', 'He', 'trusts', 'Tim', 'Cook', 'believe', '&', '#', '39', ';', 'Apple', '&', '#', '39', ';', 'brand', 'much', 'offload', 'highly', 'profitable', '$', '100', 'billion', 'position', '.', 'Plus', ',', 'Apple', 'creates', 'crypto', 'wallet', '&', '#', '39', ';', 'mean', '&', '#', '39', ';', 'take', 'ownership', '(', 'meaningful', 'amount', ')', 'BTC', 'ETH', '.', 'A', 'wallet', 'good', 'Apple', 'especially', 'increases', 'Apple', '&', '#', '39', ';', 'footprint', 'mobile', 'payments']"
2021-02-10,286979643,"Watchlist options:
All China names for me personally 
$JD $BABA $BIDU $NIO 

Favorite is $NIO thinking we see all time highs EOW",N/A,02:58:53Z,"['Watchlist', 'options', ':', 'All', 'China', 'names', 'for', 'me', 'personally', '$', 'JD', '$', 'BABA', '$', 'BIDU', '$', 'NIO', 'Favorite', 'is', '$', 'NIO', 'thinking', 'we', 'see', 'all', 'time', 'highs', 'EOW']","['Watchlist', 'options', ':', 'All', 'China', 'names', 'personally', '$', 'JD', '$', 'BABA', '$', 'BIDU', '$', 'NIO', 'Favorite', '$', 'NIO', 'thinking', 'see', 'time', 'highs', 'EOW']"
2021-02-10,286977672,"$AAPL 
If you have observed...people are using APPLE board to pump penny stocks....lol....Apple has become a big joke....",N/A,02:53:09Z,"['$', 'AAPL', 'If', 'you', 'have', 'observed', '...', 'people', 'are', 'using', 'APPLE', 'board', 'to', 'pump', 'penny', 'stocks', '...', '.lol', '...', '.Apple', 'has', 'become', 'a', 'big', 'joke', '...', '.']","['$', 'AAPL', 'If', 'observed', '...', 'people', 'using', 'APPLE', 'board', 'pump', 'penny', 'stocks', '...', '.lol', '...', '.Apple', 'become', 'big', 'joke', '...', '.']"
2021-02-10,286977109,$VHC Anyone knows what&#39;s going on? No PR and Greg Wood is silent (as usual). Strong institutional buying in the morning. $AAPL has to cut a check at this point I feel and the will open the way to licensing and growth...,N/A,02:51:35Z,"['$', 'VHC', 'Anyone', 'knows', 'what', '&', '#', '39', ';', 's', 'going', 'on', '?', 'No', 'PR', 'and', 'Greg', 'Wood', 'is', 'silent', '(', 'as', 'usual', ')', '.', 'Strong', 'institutional', 'buying', 'in', 'the', 'morning', '.', '$', 'AAPL', 'has', 'to', 'cut', 'a', 'check', 'at', 'this', 'point', 'I', 'feel', 'and', 'the', 'will', 'open', 'the', 'way', 'to', 'licensing', 'and', 'growth', '...']","['$', 'VHC', 'Anyone', 'knows', '&', '#', '39', ';', 'going', '?', 'No', 'PR', 'Greg', 'Wood', 'silent', '(', 'usual', ')', '.', 'Strong', 'institutional', 'buying', 'morning', '.', '$', 'AAPL', 'cut', 'check', 'point', 'I', 'feel', 'open', 'way', 'licensing', 'growth', '...']"
2021-02-10,286976903,"@Instinct121 CV Recovery $1900 = 200,000,000 new purchases lololol   the mob will blow their checks at $AAPL   ‚úäüòé",N/A,02:51:02Z,"['@', 'Instinct121', 'CV', 'Recovery', '$', '1900', '=', '200,000,000', 'new', 'purchases', 'lololol', 'the', 'mob', 'will', 'blow', 'their', 'checks', 'at', '$', 'AAPL', '‚úäüòé']","['@', 'Instinct121', 'CV', 'Recovery', '$', '1900', '=', '200,000,000', 'new', 'purchases', 'lololol', 'mob', 'blow', 'checks', '$', 'AAPL', '‚úäüòé']"
2021-02-10,286976394,$AAPL For y‚Äôall short term traders complain. Look at this.,N/A,02:49:41Z,"['$', 'AAPL', 'For', 'y', '‚Äô', 'all', 'short', 'term', 'traders', 'complain', '.', 'Look', 'at', 'this', '.']","['$', 'AAPL', 'For', '‚Äô', 'short', 'term', 'traders', 'complain', '.', 'Look', '.']"
2021-02-10,286976296,$BABA lol 272;),N/A,02:49:26Z,"['$', 'BABA', 'lol', '272', ';', ')']","['$', 'BABA', 'lol', '272', ';', ')']"
2021-02-10,286976187,$AAPL another day another disappointing aaple move,N/A,02:49:08Z,"['$', 'AAPL', 'another', 'day', 'another', 'disappointing', 'aaple', 'move']","['$', 'AAPL', 'another', 'day', 'another', 'disappointing', 'aaple', 'move']"
2021-02-10,286976169,"$AAPL 
Who buys apple headset for 600$?
Who buys their upcoming VR?
Who buys their shitty phones?
Who buys their apple tv?
But dumb bulls buy apple shares and baghold for months together...",N/A,02:49:04Z,"['$', 'AAPL', 'Who', 'buys', 'apple', 'headset', 'for', '600', '$', '?', 'Who', 'buys', 'their', 'upcoming', 'VR', '?', 'Who', 'buys', 'their', 'shitty', 'phones', '?', 'Who', 'buys', 'their', 'apple', 'tv', '?', 'But', 'dumb', 'bulls', 'buy', 'apple', 'shares', 'and', 'baghold', 'for', 'months', 'together', '...']","['$', 'AAPL', 'Who', 'buys', 'apple', 'headset', '600', '$', '?', 'Who', 'buys', 'upcoming', 'VR', '?', 'Who', 'buys', 'shitty', 'phones', '?', 'Who', 'buys', 'apple', 'tv', '?', 'But', 'dumb', 'bulls', 'buy', 'apple', 'shares', 'baghold', 'months', 'together', '...']"
2021-02-10,286975862,"$AAPL worse yet: what if it goes to 147.50 only to come back down to 136??
(See 127 ‚Äî-&gt; 136 ‚Äî‚Äî&gt; 127 from Dec 18 to Jan 15)",Bullish,02:48:15Z,"['$', 'AAPL', 'worse', 'yet', ':', 'what', 'if', 'it', 'goes', 'to', '147.50', 'only', 'to', 'come', 'back', 'down', 'to', '136', '?', '?', '(', 'See', '127', '‚Äî-', '&', 'gt', ';', '136', '‚Äî‚Äî', '&', 'gt', ';', '127', 'from', 'Dec', '18', 'to', 'Jan', '15', ')']","['$', 'AAPL', 'worse', 'yet', ':', 'goes', '147.50', 'come', 'back', '136', '?', '?', '(', 'See', '127', '‚Äî-', '&', 'gt', ';', '136', '‚Äî‚Äî', '&', 'gt', ';', '127', 'Dec', '18', 'Jan', '15', ')']"
2021-02-10,286975591,$AAPL teaching us all the meaning of ‚Äúpay‚Äùtience. It wants you to sell and then climb up after without you!,Bullish,02:47:35Z,"['$', 'AAPL', 'teaching', 'us', 'all', 'the', 'meaning', 'of', '‚Äú', 'pay', '‚Äù', 'tience', '.', 'It', 'wants', 'you', 'to', 'sell', 'and', 'then', 'climb', 'up', 'after', 'without', 'you', '!']","['$', 'AAPL', 'teaching', 'us', 'meaning', '‚Äú', 'pay', '‚Äù', 'tience', '.', 'It', 'wants', 'sell', 'climb', 'without', '!']"
2021-02-10,286975446,$BABA lets go Hong Kong break it baby break it squeeze,Bullish,02:47:09Z,"['$', 'BABA', 'lets', 'go', 'Hong', 'Kong', 'break', 'it', 'baby', 'break', 'it', 'squeeze']","['$', 'BABA', 'lets', 'go', 'Hong', 'Kong', 'break', 'baby', 'break', 'squeeze']"
2021-02-10,286975276,"$CCIV *SPACulation* If $AAPL had the opportunity to buy $TSLA again,  they wouldn‚Äôt hesitate... The opportunity is back on the table with LUCID",Bullish,02:46:38Z,"['$', 'CCIV', '*SPACulation*', 'If', '$', 'AAPL', 'had', 'the', 'opportunity', 'to', 'buy', '$', 'TSLA', 'again', ',', 'they', 'wouldn', '‚Äô', 't', 'hesitate', '...', 'The', 'opportunity', 'is', 'back', 'on', 'the', 'table', 'with', 'LUCID']","['$', 'CCIV', '*SPACulation*', 'If', '$', 'AAPL', 'opportunity', 'buy', '$', 'TSLA', ',', '‚Äô', 'hesitate', '...', 'The', 'opportunity', 'back', 'table', 'LUCID']"
2021-02-10,286975084,"$AAPL 
Apple doesnt implement crypto wallet....thats against their fundamentals...
Also...Warren Buffet holds most of the stake...and he is against crypto...if apple attempts for crypto wallet...then Buffet will dump apple big time...

So...dont keep any hopes...
All the signs...show that market is due for a massive correction...

GETTING READY FOR THE RUG PULL...
Accumulating puts on $SPY $AAPL $AMD...",Bearish,02:46:09Z,"['$', 'AAPL', 'Apple', 'doesnt', 'implement', 'crypto', 'wallet', '...', '.thats', 'against', 'their', 'fundamentals', '...', 'Also', '...', 'Warren', 'Buffet', 'holds', 'most', 'of', 'the', 'stake', '...', 'and', 'he', 'is', 'against', 'crypto', '...', 'if', 'apple', 'attempts', 'for', 'crypto', 'wallet', '...', 'then', 'Buffet', 'will', 'dump', 'apple', 'big', 'time', '...', 'So', '...', 'dont', 'keep', 'any', 'hopes', '...', 'All', 'the', 'signs', '...', 'show', 'that', 'market', 'is', 'due', 'for', 'a', 'massive', 'correction', '...', 'GETTING', 'READY', 'FOR', 'THE', 'RUG', 'PULL', '...', 'Accumulating', 'puts', 'on', '$', 'SPY', '$', 'AAPL', '$', 'AMD', '...']","['$', 'AAPL', 'Apple', 'doesnt', 'implement', 'crypto', 'wallet', '...', '.thats', 'fundamentals', '...', 'Also', '...', 'Warren', 'Buffet', 'holds', 'stake', '...', 'crypto', '...', 'apple', 'attempts', 'crypto', 'wallet', '...', 'Buffet', 'dump', 'apple', 'big', 'time', '...', 'So', '...', 'dont', 'keep', 'hopes', '...', 'All', 'signs', '...', 'show', 'market', 'due', 'massive', 'correction', '...', 'GETTING', 'READY', 'FOR', 'THE', 'RUG', 'PULL', '...', 'Accumulating', 'puts', '$', 'SPY', '$', 'AAPL', '$', 'AMD', '...']"
2021-02-10,286974856,"$BABA Today, i will be the guy to ask, how to calculate hk to US $. .. anyone?",N/A,02:45:33Z,"['$', 'BABA', 'Today', ',', 'i', 'will', 'be', 'the', 'guy', 'to', 'ask', ',', 'how', 'to', 'calculate', 'hk', 'to', 'US', '$', '.', '..', 'anyone', '?']","['$', 'BABA', 'Today', ',', 'guy', 'ask', ',', 'calculate', 'hk', 'US', '$', '.', '..', 'anyone', '?']"
2021-02-10,286974755,$GSAT $QCOM $AAPL,N/A,02:45:20Z,"['$', 'GSAT', '$', 'QCOM', '$', 'AAPL']","['$', 'GSAT', '$', 'QCOM', '$', 'AAPL']"
2021-02-10,286974470,"#Bitcoin flies again as after #Tesla buys Bitcoin, there are now rumours that #Apple will do so.  $TSLA $AAPL $BTC.X",N/A,02:44:36Z,"['#', 'Bitcoin', 'flies', 'again', 'as', 'after', '#', 'Tesla', 'buys', 'Bitcoin', ',', 'there', 'are', 'now', 'rumours', 'that', '#', 'Apple', 'will', 'do', 'so', '.', '$', 'TSLA', '$', 'AAPL', '$', 'BTC.X']","['#', 'Bitcoin', 'flies', '#', 'Tesla', 'buys', 'Bitcoin', ',', 'rumours', '#', 'Apple', '.', '$', 'TSLA', '$', 'AAPL', '$', 'BTC.X']"
2021-02-10,286973729,$AAPL  what y‚Äôall think about this,N/A,02:42:40Z,"['$', 'AAPL', 'what', 'y', '‚Äô', 'all', 'think', 'about', 'this']","['$', 'AAPL', '‚Äô', 'think']"
2021-02-10,286973260,$AAPL thoughts?,Bullish,02:41:23Z,"['$', 'AAPL', 'thoughts', '?']","['$', 'AAPL', 'thoughts', '?']"
2021-02-10,286973231,$AAPL what abt the short callers on friday,Bullish,02:41:17Z,"['$', 'AAPL', 'what', 'abt', 'the', 'short', 'callers', 'on', 'friday']","['$', 'AAPL', 'abt', 'short', 'callers', 'friday']"
2021-02-10,286973115,"$AAPL 
Completely disconnected from the market...
Thats really a bad sign...
This is definetly going down below 126...
When the market correction takes place then 105...
If the economy doesnt recover...then we will see hell...85$...",Bearish,02:40:57Z,"['$', 'AAPL', 'Completely', 'disconnected', 'from', 'the', 'market', '...', 'Thats', 'really', 'a', 'bad', 'sign', '...', 'This', 'is', 'definetly', 'going', 'down', 'below', '126', '...', 'When', 'the', 'market', 'correction', 'takes', 'place', 'then', '105', '...', 'If', 'the', 'economy', 'doesnt', 'recover', '...', 'then', 'we', 'will', 'see', 'hell', '...', '85', '$', '...']","['$', 'AAPL', 'Completely', 'disconnected', 'market', '...', 'Thats', 'really', 'bad', 'sign', '...', 'This', 'definetly', 'going', '126', '...', 'When', 'market', 'correction', 'takes', 'place', '105', '...', 'If', 'economy', 'doesnt', 'recover', '...', 'see', 'hell', '...', '85', '$', '...']"
2021-02-10,286972797,$AAPL Testing everyone&#39;s patience but holders will be rewarded here.  I&#39;m not going anywhere.,Bullish,02:40:07Z,"['$', 'AAPL', 'Testing', 'everyone', '&', '#', '39', ';', 's', 'patience', 'but', 'holders', 'will', 'be', 'rewarded', 'here', '.', 'I', '&', '#', '39', ';', 'm', 'not', 'going', 'anywhere', '.']","['$', 'AAPL', 'Testing', 'everyone', '&', '#', '39', ';', 'patience', 'holders', 'rewarded', '.', 'I', '&', '#', '39', ';', 'going', 'anywhere', '.']"
2021-02-10,286972450,"$BABA Im not sure why folks are happy/surprised about $BABA moving up now, its not like I haven&#39;t been screaming this forever :o)

But I digress",N/A,02:39:10Z,"['$', 'BABA', 'Im', 'not', 'sure', 'why', 'folks', 'are', 'happy/surprised', 'about', '$', 'BABA', 'moving', 'up', 'now', ',', 'its', 'not', 'like', 'I', 'haven', '&', '#', '39', ';', 't', 'been', 'screaming', 'this', 'forever', ':', 'o', ')', 'But', 'I', 'digress']","['$', 'BABA', 'Im', 'sure', 'folks', 'happy/surprised', '$', 'BABA', 'moving', ',', 'like', 'I', '&', '#', '39', ';', 'screaming', 'forever', ':', ')', 'But', 'I', 'digress']"
2021-02-10,286972367,"$UAVS all you need to know right here:

 https://youtu.be/lsPjvg2EwSw

$tsla $aapl $amzn",N/A,02:38:54Z,"['$', 'UAVS', 'all', 'you', 'need', 'to', 'know', 'right', 'here', ':', 'https', ':', '//youtu.be/lsPjvg2EwSw', '$', 'tsla', '$', 'aapl', '$', 'amzn']","['$', 'UAVS', 'need', 'know', 'right', ':', 'https', ':', '//youtu.be/lsPjvg2EwSw', '$', 'tsla', '$', 'aapl', '$', 'amzn']"
2021-02-10,286972285,"SmartOptions¬Æ Unusual Activity Alert
(Delayed)

$BABA $272.5 Puts
02/12/2021 Exp

Trade Volume: 1,706 Contracts

$1,687,234 was traded now.

Current Stock Price: $266.68

Trade Type: Block

Follow the Money &amp; Trade Options with Our SmartOptions¬Æ Artificial Intelligence.
https://www.smartoptions.ai",Bearish,02:38:40Z,"['SmartOptions¬Æ', 'Unusual', 'Activity', 'Alert', '(', 'Delayed', ')', '$', 'BABA', '$', '272.5', 'Puts', '02/12/2021', 'Exp', 'Trade', 'Volume', ':', '1,706', 'Contracts', '$', '1,687,234', 'was', 'traded', 'now', '.', 'Current', 'Stock', 'Price', ':', '$', '266.68', 'Trade', 'Type', ':', 'Block', 'Follow', 'the', 'Money', '&', 'amp', ';', 'Trade', 'Options', 'with', 'Our', 'SmartOptions¬Æ', 'Artificial', 'Intelligence', '.', 'https', ':', '//www.smartoptions.ai']","['SmartOptions¬Æ', 'Unusual', 'Activity', 'Alert', '(', 'Delayed', ')', '$', 'BABA', '$', '272.5', 'Puts', '02/12/2021', 'Exp', 'Trade', 'Volume', ':', '1,706', 'Contracts', '$', '1,687,234', 'traded', '.', 'Current', 'Stock', 'Price', ':', '$', '266.68', 'Trade', 'Type', ':', 'Block', 'Follow', 'Money', '&', 'amp', ';', 'Trade', 'Options', 'Our', 'SmartOptions¬Æ', 'Artificial', 'Intelligence', '.', 'https', ':', '//www.smartoptions.ai']"
2021-02-10,286970127,"$BABA HK baba is in bullish, we can expect $10 gap up is US markets",N/A,02:32:46Z,"['$', 'BABA', 'HK', 'baba', 'is', 'in', 'bullish', ',', 'we', 'can', 'expect', '$', '10', 'gap', 'up', 'is', 'US', 'markets']","['$', 'BABA', 'HK', 'baba', 'bullish', ',', 'expect', '$', '10', 'gap', 'US', 'markets']"
2021-02-10,286969981,"$AAPL 
wtf",Bullish,02:32:22Z,"['$', 'AAPL', 'wtf']","['$', 'AAPL', 'wtf']"
2021-02-10,286969836,$BABA now it&#39;s a slow climb  Very Bull,N/A,02:31:57Z,"['$', 'BABA', 'now', 'it', '&', '#', '39', ';', 's', 'a', 'slow', 'climb', 'Very', 'Bull']","['$', 'BABA', '&', '#', '39', ';', 'slow', 'climb', 'Very', 'Bull']"
2021-02-10,286969742,$AAPL with Yellen in Biden‚Äôs administration you really think market will tank in his first 100 days. Highly doubt that. Just another hopium.üòÉ,Bullish,02:31:42Z,"['$', 'AAPL', 'with', 'Yellen', 'in', 'Biden', '‚Äô', 's', 'administration', 'you', 'really', 'think', 'market', 'will', 'tank', 'in', 'his', 'first', '100', 'days', '.', 'Highly', 'doubt', 'that', '.', 'Just', 'another', 'hopium.üòÉ']","['$', 'AAPL', 'Yellen', 'Biden', '‚Äô', 'administration', 'really', 'think', 'market', 'tank', 'first', '100', 'days', '.', 'Highly', 'doubt', '.', 'Just', 'another', 'hopium.üòÉ']"
2021-02-10,286969732,$BABA come on Baba you can run much more,N/A,02:31:40Z,"['$', 'BABA', 'come', 'on', 'Baba', 'you', 'can', 'run', 'much', 'more']","['$', 'BABA', 'come', 'Baba', 'run', 'much']"
2021-02-10,286969406,$AAPL sleeping giant....,N/A,02:30:47Z,"['$', 'AAPL', 'sleeping', 'giant', '...', '.']","['$', 'AAPL', 'sleeping', 'giant', '...', '.']"
2021-02-10,286969293,",Amazing week from the gains of over 2490% and over 15% returns, A big thank you to this community(64k+ members) stocksalert.online

$aal $ba $aapl $bac $c",Bullish,02:30:25Z,"[',', 'Amazing', 'week', 'from', 'the', 'gains', 'of', 'over', '2490', '%', 'and', 'over', '15', '%', 'returns', ',', 'A', 'big', 'thank', 'you', 'to', 'this', 'community', '(', '64k+', 'members', ')', 'stocksalert.online', '$', 'aal', '$', 'ba', '$', 'aapl', '$', 'bac', '$', 'c']","[',', 'Amazing', 'week', 'gains', '2490', '%', '15', '%', 'returns', ',', 'A', 'big', 'thank', 'community', '(', '64k+', 'members', ')', 'stocksalert.online', '$', 'aal', '$', 'ba', '$', 'aapl', '$', 'bac', '$', 'c']"
2021-02-10,286969275,$AAPL same price 8 months,Bearish,02:30:22Z,"['$', 'AAPL', 'same', 'price', '8', 'months']","['$', 'AAPL', 'price', '8', 'months']"
2021-02-10,286968653,"$AAPL  imagine, one Green Day ruins your life.
Just remember for next time, short term options are a lottery ticket. Not an investment.",N/A,02:28:39Z,"['$', 'AAPL', 'imagine', ',', 'one', 'Green', 'Day', 'ruins', 'your', 'life', '.', 'Just', 'remember', 'for', 'next', 'time', ',', 'short', 'term', 'options', 'are', 'a', 'lottery', 'ticket', '.', 'Not', 'an', 'investment', '.']","['$', 'AAPL', 'imagine', ',', 'one', 'Green', 'Day', 'ruins', 'life', '.', 'Just', 'remember', 'next', 'time', ',', 'short', 'term', 'options', 'lottery', 'ticket', '.', 'Not', 'investment', '.']"
2021-02-10,286968097,$AAPL that‚Äôs not how this works. That‚Äôs not how any of this works!! SMH. ü§¶üèª‚Äç‚ôÇÔ∏èü§£,N/A,02:27:13Z,"['$', 'AAPL', 'that', '‚Äô', 's', 'not', 'how', 'this', 'works', '.', 'That', '‚Äô', 's', 'not', 'how', 'any', 'of', 'this', 'works', '!', '!', 'SMH', '.', 'ü§¶üèª\u200d‚ôÇÔ∏èü§£']","['$', 'AAPL', '‚Äô', 'works', '.', 'That', '‚Äô', 'works', '!', '!', 'SMH', '.', 'ü§¶üèª\u200d‚ôÇÔ∏èü§£']"
2021-02-10,286967763,$BABA Unless #BABA gets above 268.3 -- it is hard to be Bullish. Held 261 nicely. Giving up that level will expose 256 as the downside gap fill area.,N/A,02:26:18Z,"['$', 'BABA', 'Unless', '#', 'BABA', 'gets', 'above', '268.3', '--', 'it', 'is', 'hard', 'to', 'be', 'Bullish', '.', 'Held', '261', 'nicely', '.', 'Giving', 'up', 'that', 'level', 'will', 'expose', '256', 'as', 'the', 'downside', 'gap', 'fill', 'area', '.']","['$', 'BABA', 'Unless', '#', 'BABA', 'gets', '268.3', '--', 'hard', 'Bullish', '.', 'Held', '261', 'nicely', '.', 'Giving', 'level', 'expose', '256', 'downside', 'gap', 'fill', 'area', '.']"
2021-02-10,286967645,@Venndiagram Stonk price is in the Dirt and guess who&#39;s MAD! $AAPL,N/A,02:25:59Z,"['@', 'Venndiagram', 'Stonk', 'price', 'is', 'in', 'the', 'Dirt', 'and', 'guess', 'who', '&', '#', '39', ';', 's', 'MAD', '!', '$', 'AAPL']","['@', 'Venndiagram', 'Stonk', 'price', 'Dirt', 'guess', '&', '#', '39', ';', 'MAD', '!', '$', 'AAPL']"
2021-02-10,286967566,"$GSAT $QCOM $AAPL 

Read the article, connect the dots, buy $GSAT, get rich, pick out lambo. Got it?

https://www.pcmag.com/news/qualcomms-x65-modem-might-pull-the-iphone-13-to-10gbps",Bullish,02:25:46Z,"['$', 'GSAT', '$', 'QCOM', '$', 'AAPL', 'Read', 'the', 'article', ',', 'connect', 'the', 'dots', ',', 'buy', '$', 'GSAT', ',', 'get', 'rich', ',', 'pick', 'out', 'lambo', '.', 'Got', 'it', '?', 'https', ':', '//www.pcmag.com/news/qualcomms-x65-modem-might-pull-the-iphone-13-to-10gbps']","['$', 'GSAT', '$', 'QCOM', '$', 'AAPL', 'Read', 'article', ',', 'connect', 'dots', ',', 'buy', '$', 'GSAT', ',', 'get', 'rich', ',', 'pick', 'lambo', '.', 'Got', '?', 'https', ':', '//www.pcmag.com/news/qualcomms-x65-modem-might-pull-the-iphone-13-to-10gbps']"
2021-02-10,286967386,$AAPL #AAPL Price Levels to consider. Bulls really want to clear 138.1 to get going. Support levels shown.,N/A,02:25:15Z,"['$', 'AAPL', '#', 'AAPL', 'Price', 'Levels', 'to', 'consider', '.', 'Bulls', 'really', 'want', 'to', 'clear', '138.1', 'to', 'get', 'going', '.', 'Support', 'levels', 'shown', '.']","['$', 'AAPL', '#', 'AAPL', 'Price', 'Levels', 'consider', '.', 'Bulls', 'really', 'want', 'clear', '138.1', 'get', 'going', '.', 'Support', 'levels', 'shown', '.']"
2021-02-10,286967336,$GSAT this $QCOM chip is in every $AAPL and $SSNLF phone.  You all don‚Äôt realize how huge this is. Fiber internet speeds on your device.,N/A,02:25:09Z,"['$', 'GSAT', 'this', '$', 'QCOM', 'chip', 'is', 'in', 'every', '$', 'AAPL', 'and', '$', 'SSNLF', 'phone', '.', 'You', 'all', 'don', '‚Äô', 't', 'realize', 'how', 'huge', 'this', 'is', '.', 'Fiber', 'internet', 'speeds', 'on', 'your', 'device', '.']","['$', 'GSAT', '$', 'QCOM', 'chip', 'every', '$', 'AAPL', '$', 'SSNLF', 'phone', '.', 'You', '‚Äô', 'realize', 'huge', '.', 'Fiber', 'internet', 'speeds', 'device', '.']"
2021-02-10,286965830,$BABA I&#39;m starting to like this stock it give me something to watch even when the market is closed üò≠üò≠üò≠üò≠,Bullish,02:21:16Z,"['$', 'BABA', 'I', '&', '#', '39', ';', 'm', 'starting', 'to', 'like', 'this', 'stock', 'it', 'give', 'me', 'something', 'to', 'watch', 'even', 'when', 'the', 'market', 'is', 'closed', 'üò≠üò≠üò≠üò≠']","['$', 'BABA', 'I', '&', '#', '39', ';', 'starting', 'like', 'stock', 'give', 'something', 'watch', 'even', 'market', 'closed', 'üò≠üò≠üò≠üò≠']"
2021-02-10,286965333,$AAPL love this company even if the stonk price is a reflection of poor management.,Bullish,02:19:55Z,"['$', 'AAPL', 'love', 'this', 'company', 'even', 'if', 'the', 'stonk', 'price', 'is', 'a', 'reflection', 'of', 'poor', 'management', '.']","['$', 'AAPL', 'love', 'company', 'even', 'stonk', 'price', 'reflection', 'poor', 'management', '.']"
2021-02-10,286965111,"..Amazing week from the gains of over 2490% and over 15% returns, A big thank you to this community(64k+ members) stocksalert.online

$amc $aezs $aapl $acst $sos",N/A,02:19:22Z,"['..Amazing', 'week', 'from', 'the', 'gains', 'of', 'over', '2490', '%', 'and', 'over', '15', '%', 'returns', ',', 'A', 'big', 'thank', 'you', 'to', 'this', 'community', '(', '64k+', 'members', ')', 'stocksalert.online', '$', 'amc', '$', 'aezs', '$', 'aapl', '$', 'acst', '$', 'sos']","['..Amazing', 'week', 'gains', '2490', '%', '15', '%', 'returns', ',', 'A', 'big', 'thank', 'community', '(', '64k+', 'members', ')', 'stocksalert.online', '$', 'amc', '$', 'aezs', '$', 'aapl', '$', 'acst', '$', 'sos']"
2021-02-10,286965030,"$BABA Alibaba Group Holding Ltd - ADR (NYSE:BABA) got through its problems with the government and now it is free to make money, said Cramer. He wants the stock to come down a bit before he pulls the trigger. Cramer wants dip üôÑüôÑüôÑ",N/A,02:19:10Z,"['$', 'BABA', 'Alibaba', 'Group', 'Holding', 'Ltd', '-', 'ADR', '(', 'NYSE', ':', 'BABA', ')', 'got', 'through', 'its', 'problems', 'with', 'the', 'government', 'and', 'now', 'it', 'is', 'free', 'to', 'make', 'money', ',', 'said', 'Cramer', '.', 'He', 'wants', 'the', 'stock', 'to', 'come', 'down', 'a', 'bit', 'before', 'he', 'pulls', 'the', 'trigger', '.', 'Cramer', 'wants', 'dip', 'üôÑüôÑüôÑ']","['$', 'BABA', 'Alibaba', 'Group', 'Holding', 'Ltd', '-', 'ADR', '(', 'NYSE', ':', 'BABA', ')', 'got', 'problems', 'government', 'free', 'make', 'money', ',', 'said', 'Cramer', '.', 'He', 'wants', 'stock', 'come', 'bit', 'pulls', 'trigger', '.', 'Cramer', 'wants', 'dip', 'üôÑüôÑüôÑ']"
2021-02-10,286964814,$BABA,N/A,02:18:38Z,"['$', 'BABA']","['$', 'BABA']"
2021-02-10,286964080,$BABA Heading to 275-280 within days,Bullish,02:16:53Z,"['$', 'BABA', 'Heading', 'to', '275-280', 'within', 'days']","['$', 'BABA', 'Heading', '275-280', 'within', 'days']"
2021-02-10,286963979,$AAPL when will robinhood tax form come out,N/A,02:16:37Z,"['$', 'AAPL', 'when', 'will', 'robinhood', 'tax', 'form', 'come', 'out']","['$', 'AAPL', 'robinhood', 'tax', 'form', 'come']"
2021-02-10,286963756,"5 Reasons Why Most Options Traders Lose Money
 (And The Solutions)

https://www.smartoptions.ai/post/whyoptionstraderslose

$spy $aapl $tsla",N/A,02:16:02Z,"['5', 'Reasons', 'Why', 'Most', 'Options', 'Traders', 'Lose', 'Money', '(', 'And', 'The', 'Solutions', ')', 'https', ':', '//www.smartoptions.ai/post/whyoptionstraderslose', '$', 'spy', '$', 'aapl', '$', 'tsla']","['5', 'Reasons', 'Why', 'Most', 'Options', 'Traders', 'Lose', 'Money', '(', 'And', 'The', 'Solutions', ')', 'https', ':', '//www.smartoptions.ai/post/whyoptionstraderslose', '$', 'spy', '$', 'aapl', '$', 'tsla']"
2021-02-10,286963674,"SmartOptions¬Æ Unusual Activity Alert
(Delayed)

$BABA $210 Calls
02/12/2021 Exp

Trade Volume: 255 Contracts

$1,389,750 was traded now.

Current Stock Price: $264.59

Trade Type: Sweep

Follow the Money &amp; Trade Options with Our SmartOptions¬Æ Artificial Intelligence.
https://www.smartoptions.ai",Bullish,02:15:46Z,"['SmartOptions¬Æ', 'Unusual', 'Activity', 'Alert', '(', 'Delayed', ')', '$', 'BABA', '$', '210', 'Calls', '02/12/2021', 'Exp', 'Trade', 'Volume', ':', '255', 'Contracts', '$', '1,389,750', 'was', 'traded', 'now', '.', 'Current', 'Stock', 'Price', ':', '$', '264.59', 'Trade', 'Type', ':', 'Sweep', 'Follow', 'the', 'Money', '&', 'amp', ';', 'Trade', 'Options', 'with', 'Our', 'SmartOptions¬Æ', 'Artificial', 'Intelligence', '.', 'https', ':', '//www.smartoptions.ai']","['SmartOptions¬Æ', 'Unusual', 'Activity', 'Alert', '(', 'Delayed', ')', '$', 'BABA', '$', '210', 'Calls', '02/12/2021', 'Exp', 'Trade', 'Volume', ':', '255', 'Contracts', '$', '1,389,750', 'traded', '.', 'Current', 'Stock', 'Price', ':', '$', '264.59', 'Trade', 'Type', ':', 'Sweep', 'Follow', 'Money', '&', 'amp', ';', 'Trade', 'Options', 'Our', 'SmartOptions¬Æ', 'Artificial', 'Intelligence', '.', 'https', ':', '//www.smartoptions.ai']"
2021-02-10,286963429,$AAPL futures Green! So we will be up 15 cents again ! But don&#39;t worry after that we will &quot;consolidate&quot; some more by dropping 3% a day for a week!,Bullish,02:15:08Z,"['$', 'AAPL', 'futures', 'Green', '!', 'So', 'we', 'will', 'be', 'up', '15', 'cents', 'again', '!', 'But', 'don', '&', '#', '39', ';', 't', 'worry', 'after', 'that', 'we', 'will', '&', 'quot', ';', 'consolidate', '&', 'quot', ';', 'some', 'more', 'by', 'dropping', '3', '%', 'a', 'day', 'for', 'a', 'week', '!']","['$', 'AAPL', 'futures', 'Green', '!', 'So', '15', 'cents', '!', 'But', '&', '#', '39', ';', 'worry', '&', 'quot', ';', 'consolidate', '&', 'quot', ';', 'dropping', '3', '%', 'day', 'week', '!']"
2021-02-10,286962923,$AAPL has no ceiling.  I feel this stock is safer than putting my money in a bank account.,Bullish,02:13:50Z,"['$', 'AAPL', 'has', 'no', 'ceiling', '.', 'I', 'feel', 'this', 'stock', 'is', 'safer', 'than', 'putting', 'my', 'money', 'in', 'a', 'bank', 'account', '.']","['$', 'AAPL', 'ceiling', '.', 'I', 'feel', 'stock', 'safer', 'putting', 'money', 'bank', 'account', '.']"
2021-02-10,286962458,$AAPL $DIS $IIVI FUTES GREEN. Not rolling out of bed to start trading until I see my Net Liq has banked its first $800 on its own,Bullish,02:12:34Z,"['$', 'AAPL', '$', 'DIS', '$', 'IIVI', 'FUTES', 'GREEN', '.', 'Not', 'rolling', 'out', 'of', 'bed', 'to', 'start', 'trading', 'until', 'I', 'see', 'my', 'Net', 'Liq', 'has', 'banked', 'its', 'first', '$', '800', 'on', 'its', 'own']","['$', 'AAPL', '$', 'DIS', '$', 'IIVI', 'FUTES', 'GREEN', '.', 'Not', 'rolling', 'bed', 'start', 'trading', 'I', 'see', 'Net', 'Liq', 'banked', 'first', '$', '800']"
2021-02-10,286962300,$AAPL Futures way up! We&#39;ll be down 0.5% tomorrow :) Doldrum Corp.,Bearish,02:12:11Z,"['$', 'AAPL', 'Futures', 'way', 'up', '!', 'We', '&', '#', '39', ';', 'll', 'be', 'down', '0.5', '%', 'tomorrow', ':', ')', 'Doldrum', 'Corp', '.']","['$', 'AAPL', 'Futures', 'way', '!', 'We', '&', '#', '39', ';', '0.5', '%', 'tomorrow', ':', ')', 'Doldrum', 'Corp', '.']"
2021-02-10,286960907,$AAPL Hell yeah!Futures rippin ! Looks like we&#39;ll only be down 1% in the morning.,Bullish,02:08:42Z,"['$', 'AAPL', 'Hell', 'yeah', '!', 'Futures', 'rippin', '!', 'Looks', 'like', 'we', '&', '#', '39', ';', 'll', 'only', 'be', 'down', '1', '%', 'in', 'the', 'morning', '.']","['$', 'AAPL', 'Hell', 'yeah', '!', 'Futures', 'rippin', '!', 'Looks', 'like', '&', '#', '39', ';', '1', '%', 'morning', '.']"
2021-02-10,286960675,$INND $AAPL $AMD $TSLA $NFLX INND next TSNP.,Bullish,02:08:02Z,"['$', 'INND', '$', 'AAPL', '$', 'AMD', '$', 'TSLA', '$', 'NFLX', 'INND', 'next', 'TSNP', '.']","['$', 'INND', '$', 'AAPL', '$', 'AMD', '$', 'TSLA', '$', 'NFLX', 'INND', 'next', 'TSNP', '.']"
2021-02-10,286960481,$TSLA $AAPL $MSFT $F $GM someone else will jump on the BTC train and when they do... Tesla goes through the roof and the earlier the companies jump aboard the biggest movements they get.,N/A,02:07:34Z,"['$', 'TSLA', '$', 'AAPL', '$', 'MSFT', '$', 'F', '$', 'GM', 'someone', 'else', 'will', 'jump', 'on', 'the', 'BTC', 'train', 'and', 'when', 'they', 'do', '...', 'Tesla', 'goes', 'through', 'the', 'roof', 'and', 'the', 'earlier', 'the', 'companies', 'jump', 'aboard', 'the', 'biggest', 'movements', 'they', 'get', '.']","['$', 'TSLA', '$', 'AAPL', '$', 'MSFT', '$', 'F', '$', 'GM', 'someone', 'else', 'jump', 'BTC', 'train', '...', 'Tesla', 'goes', 'roof', 'earlier', 'companies', 'jump', 'aboard', 'biggest', 'movements', 'get', '.']"
2021-02-10,286960462,"$BABA at 260 but considering hang seng at over 1%, its so flat.",N/A,02:07:31Z,"['$', 'BABA', 'at', '260', 'but', 'considering', 'hang', 'seng', 'at', 'over', '1', '%', ',', 'its', 'so', 'flat', '.']","['$', 'BABA', '260', 'considering', 'hang', 'seng', '1', '%', ',', 'flat', '.']"
2021-02-10,286958516,"$BB LoL. Imagine how $AAPL feels getting rejected by Hyundai?
That&#39;s like the beast rejecting the beauty.

Then Hyundai puts its trust on yours truly, BlackBerry.",Bullish,02:02:22Z,"['$', 'BB', 'LoL', '.', 'Imagine', 'how', '$', 'AAPL', 'feels', 'getting', 'rejected', 'by', 'Hyundai', '?', 'That', '&', '#', '39', ';', 's', 'like', 'the', 'beast', 'rejecting', 'the', 'beauty', '.', 'Then', 'Hyundai', 'puts', 'its', 'trust', 'on', 'yours', 'truly', ',', 'BlackBerry', '.']","['$', 'BB', 'LoL', '.', 'Imagine', '$', 'AAPL', 'feels', 'getting', 'rejected', 'Hyundai', '?', 'That', '&', '#', '39', ';', 'like', 'beast', 'rejecting', 'beauty', '.', 'Then', 'Hyundai', 'puts', 'trust', 'truly', ',', 'BlackBerry', '.']"
2021-02-10,286958468,$LTC.X Will be using it for buying basics like $AAPL laptop üíπüí∏üí∏,Bullish,02:02:15Z,"['$', 'LTC.X', 'Will', 'be', 'using', 'it', 'for', 'buying', 'basics', 'like', '$', 'AAPL', 'laptop', 'üíπüí∏üí∏']","['$', 'LTC.X', 'Will', 'using', 'buying', 'basics', 'like', '$', 'AAPL', 'laptop', 'üíπüí∏üí∏']"
2021-02-10,286958307,"@ChazzMikeMichaels I have the same opinion. $AAPL  always uses patents and technology from others to create a unique, high end and high margin product. I can&#39;t see $AAPL car being a KIA.  I could see it licensing REE Automotive $VCVC .",N/A,02:01:45Z,"['@', 'ChazzMikeMichaels', 'I', 'have', 'the', 'same', 'opinion', '.', '$', 'AAPL', 'always', 'uses', 'patents', 'and', 'technology', 'from', 'others', 'to', 'create', 'a', 'unique', ',', 'high', 'end', 'and', 'high', 'margin', 'product', '.', 'I', 'can', '&', '#', '39', ';', 't', 'see', '$', 'AAPL', 'car', 'being', 'a', 'KIA', '.', 'I', 'could', 'see', 'it', 'licensing', 'REE', 'Automotive', '$', 'VCVC', '.']","['@', 'ChazzMikeMichaels', 'I', 'opinion', '.', '$', 'AAPL', 'always', 'uses', 'patents', 'technology', 'others', 'create', 'unique', ',', 'high', 'end', 'high', 'margin', 'product', '.', 'I', '&', '#', '39', ';', 'see', '$', 'AAPL', 'car', 'KIA', '.', 'I', 'could', 'see', 'licensing', 'REE', 'Automotive', '$', 'VCVC', '.']"
2021-02-10,286958192,$AAPL https://appleinsider.com/articles/21/02/09/nissan-signals-interest-in-apple-car-following-hyundai-exit,N/A,02:01:28Z,"['$', 'AAPL', 'https', ':', '//appleinsider.com/articles/21/02/09/nissan-signals-interest-in-apple-car-following-hyundai-exit']","['$', 'AAPL', 'https', ':', '//appleinsider.com/articles/21/02/09/nissan-signals-interest-in-apple-car-following-hyundai-exit']"
2021-02-10,286957737,"$AAPL 
Futures green
Earnings big beat
Nothing matters. 

Red",N/A,02:00:26Z,"['$', 'AAPL', 'Futures', 'green', 'Earnings', 'big', 'beat', 'Nothing', 'matters', '.', 'Red']","['$', 'AAPL', 'Futures', 'green', 'Earnings', 'big', 'beat', 'Nothing', 'matters', '.', 'Red']"
2021-02-10,286957534,$NFLX $LODE $GOLD $GLD $BABA ..,Bullish,01:59:55Z,"['$', 'NFLX', '$', 'LODE', '$', 'GOLD', '$', 'GLD', '$', 'BABA', '..']","['$', 'NFLX', '$', 'LODE', '$', 'GOLD', '$', 'GLD', '$', 'BABA', '..']"
2021-02-10,286957408,$AAPL oaoaoaoa the new $GME https://www.reddit.com/r/wallstreetbets/comments/lgitv0/sell_everything_and_buy_nakd_amc_and_gme_its_over/?utm_source=share&amp;utm_medium=ios_app&amp;utm_name=iossmf,Bullish,01:59:37Z,"['$', 'AAPL', 'oaoaoaoa', 'the', 'new', '$', 'GME', 'https', ':', '//www.reddit.com/r/wallstreetbets/comments/lgitv0/sell_everything_and_buy_nakd_amc_and_gme_its_over/', '?', 'utm_source=share', '&', 'amp', ';', 'utm_medium=ios_app', '&', 'amp', ';', 'utm_name=iossmf']","['$', 'AAPL', 'oaoaoaoa', 'new', '$', 'GME', 'https', ':', '//www.reddit.com/r/wallstreetbets/comments/lgitv0/sell_everything_and_buy_nakd_amc_and_gme_its_over/', '?', 'utm_source=share', '&', 'amp', ';', 'utm_medium=ios_app', '&', 'amp', ';', 'utm_name=iossmf']"
2021-02-10,286956277,"$AMD $BABA $CGC $CHK $CMG   

&#39;&#39;For a limited time, üìà we are opening our trading chatroom to the public! Come  learn, and get these gains  with us:   bit.ly/eagleinvestor908
  {{:",N/A,01:56:38Z,"['$', 'AMD', '$', 'BABA', '$', 'CGC', '$', 'CHK', '$', 'CMG', '&', '#', '39', ';', '&', '#', '39', ';', 'For', 'a', 'limited', 'time', ',', 'üìà', 'we', 'are', 'opening', 'our', 'trading', 'chatroom', 'to', 'the', 'public', '!', 'Come', 'learn', ',', 'and', 'get', 'these', 'gains', 'with', 'us', ':', 'bit.ly/eagleinvestor908', '{', '{', ':']","['$', 'AMD', '$', 'BABA', '$', 'CGC', '$', 'CHK', '$', 'CMG', '&', '#', '39', ';', '&', '#', '39', ';', 'For', 'limited', 'time', ',', 'üìà', 'opening', 'trading', 'chatroom', 'public', '!', 'Come', 'learn', ',', 'get', 'gains', 'us', ':', 'bit.ly/eagleinvestor908', '{', '{', ':']"
2021-02-10,286956203,"$AAPL The company i haven&#39;t started yet will be partnering with Apple. Come on seriously, enough of all of these bs associations already.",Bullish,01:56:25Z,"['$', 'AAPL', 'The', 'company', 'i', 'haven', '&', '#', '39', ';', 't', 'started', 'yet', 'will', 'be', 'partnering', 'with', 'Apple', '.', 'Come', 'on', 'seriously', ',', 'enough', 'of', 'all', 'of', 'these', 'bs', 'associations', 'already', '.']","['$', 'AAPL', 'The', 'company', '&', '#', '39', ';', 'started', 'yet', 'partnering', 'Apple', '.', 'Come', 'seriously', ',', 'enough', 'bs', 'associations', 'already', '.']"
2021-02-10,286955865,"$TLRY $NVDA $NFLX $SPY $AAPL    
                                    ‚úî‚úî‚úî

&#39;&#39;For a limited time, üìà we are opening our trading chatroom to the public! Come  learn, and get these gains  with us:   bit.ly/eagleinvestor908",N/A,01:55:31Z,"['$', 'TLRY', '$', 'NVDA', '$', 'NFLX', '$', 'SPY', '$', 'AAPL', '‚úî‚úî‚úî', '&', '#', '39', ';', '&', '#', '39', ';', 'For', 'a', 'limited', 'time', ',', 'üìà', 'we', 'are', 'opening', 'our', 'trading', 'chatroom', 'to', 'the', 'public', '!', 'Come', 'learn', ',', 'and', 'get', 'these', 'gains', 'with', 'us', ':', 'bit.ly/eagleinvestor908']","['$', 'TLRY', '$', 'NVDA', '$', 'NFLX', '$', 'SPY', '$', 'AAPL', '‚úî‚úî‚úî', '&', '#', '39', ';', '&', '#', '39', ';', 'For', 'limited', 'time', ',', 'üìà', 'opening', 'trading', 'chatroom', 'public', '!', 'Come', 'learn', ',', 'get', 'gains', 'us', ':', 'bit.ly/eagleinvestor908']"
2021-02-10,286954501,$BABA HK  will be 262 at end of day,N/A,01:52:05Z,"['$', 'BABA', 'HK', 'will', 'be', '262', 'at', 'end', 'of', 'day']","['$', 'BABA', 'HK', '262', 'end', 'day']"
2021-02-10,286954194,$BABA we need news end of day at Hong Kong.,N/A,01:51:18Z,"['$', 'BABA', 'we', 'need', 'news', 'end', 'of', 'day', 'at', 'Hong', 'Kong', '.']","['$', 'BABA', 'need', 'news', 'end', 'day', 'Hong', 'Kong', '.']"
2021-02-10,286954163,"$BB $TSLA $Aapl $Msft Blackberry QNX is not only in 175 Million EVs and used in SpaceX and all Satellites to launch Global Internet service with Musk, It is also used in the Overall SpaceStation. Blackberry QNX will rule Space in future along with its over 2000 top tier partners!",N/A,01:51:13Z,"['$', 'BB', '$', 'TSLA', '$', 'Aapl', '$', 'Msft', 'Blackberry', 'QNX', 'is', 'not', 'only', 'in', '175', 'Million', 'EVs', 'and', 'used', 'in', 'SpaceX', 'and', 'all', 'Satellites', 'to', 'launch', 'Global', 'Internet', 'service', 'with', 'Musk', ',', 'It', 'is', 'also', 'used', 'in', 'the', 'Overall', 'SpaceStation', '.', 'Blackberry', 'QNX', 'will', 'rule', 'Space', 'in', 'future', 'along', 'with', 'its', 'over', '2000', 'top', 'tier', 'partners', '!']","['$', 'BB', '$', 'TSLA', '$', 'Aapl', '$', 'Msft', 'Blackberry', 'QNX', '175', 'Million', 'EVs', 'used', 'SpaceX', 'Satellites', 'launch', 'Global', 'Internet', 'service', 'Musk', ',', 'It', 'also', 'used', 'Overall', 'SpaceStation', '.', 'Blackberry', 'QNX', 'rule', 'Space', 'future', 'along', '2000', 'top', 'tier', 'partners', '!']"
2021-02-10,286953369,"$AAPL 
By Melbenross.-
Only take it!! As an reminder...
I‚Äôm waiting for ours CREDIT UP ACTION, for the LAST ER1Q21. 
üçè162$. 
Apple The Best. 111.44B Revenue 1QER21. üÜö 103.28. 
+7.90%. 
+8.16Billions.",Bullish,01:49:21Z,"['$', 'AAPL', 'By', 'Melbenross.-', 'Only', 'take', 'it', '!', '!', 'As', 'an', 'reminder', '...', 'I', '‚Äô', 'm', 'waiting', 'for', 'ours', 'CREDIT', 'UP', 'ACTION', ',', 'for', 'the', 'LAST', 'ER1Q21', '.', 'üçè162', '$', '.', 'Apple', 'The', 'Best', '.', '111.44B', 'Revenue', '1QER21', '.', 'üÜö', '103.28', '.', '+7.90', '%', '.', '+8.16Billions', '.']","['$', 'AAPL', 'By', 'Melbenross.-', 'Only', 'take', '!', '!', 'As', 'reminder', '...', 'I', '‚Äô', 'waiting', 'CREDIT', 'UP', 'ACTION', ',', 'LAST', 'ER1Q21', '.', 'üçè162', '$', '.', 'Apple', 'The', 'Best', '.', '111.44B', 'Revenue', '1QER21', '.', 'üÜö', '103.28', '.', '+7.90', '%', '.', '+8.16Billions', '.']"
2021-02-10,286953362,$BABA 267 right now based on HK price,Bullish,01:49:20Z,"['$', 'BABA', '267', 'right', 'now', 'based', 'on', 'HK', 'price']","['$', 'BABA', '267', 'right', 'based', 'HK', 'price']"
2021-02-10,286953189,$AABB $TSLA $SPY $AAPL $QQQ,Bullish,01:48:55Z,"['$', 'AABB', '$', 'TSLA', '$', 'SPY', '$', 'AAPL', '$', 'QQQ']","['$', 'AABB', '$', 'TSLA', '$', 'SPY', '$', 'AAPL', '$', 'QQQ']"
2021-02-10,286953019,$AAPL Apple is wasting millions of dollars by not investing its cash horde in appreciating assets. $SPY,N/A,01:48:27Z,"['$', 'AAPL', 'Apple', 'is', 'wasting', 'millions', 'of', 'dollars', 'by', 'not', 'investing', 'its', 'cash', 'horde', 'in', 'appreciating', 'assets', '.', '$', 'SPY']","['$', 'AAPL', 'Apple', 'wasting', 'millions', 'dollars', 'investing', 'cash', 'horde', 'appreciating', 'assets', '.', '$', 'SPY']"
2021-02-10,286953014,$AAPL it‚Äôs taking the stairs and it‚Äôs on a step,N/A,01:48:26Z,"['$', 'AAPL', 'it', '‚Äô', 's', 'taking', 'the', 'stairs', 'and', 'it', '‚Äô', 's', 'on', 'a', 'step']","['$', 'AAPL', '‚Äô', 'taking', 'stairs', '‚Äô', 'step']"
2021-02-10,286952978,"$BB $TSLA $Aapl $Msft Blackberry QNX is not only used in SpaceX and all Satellites to launch Global Internet service with Musk, It is also used in the Overall SpaceStation. Blackberry will rule Space in future along with its over 2000 top tier partners!",N/A,01:48:19Z,"['$', 'BB', '$', 'TSLA', '$', 'Aapl', '$', 'Msft', 'Blackberry', 'QNX', 'is', 'not', 'only', 'used', 'in', 'SpaceX', 'and', 'all', 'Satellites', 'to', 'launch', 'Global', 'Internet', 'service', 'with', 'Musk', ',', 'It', 'is', 'also', 'used', 'in', 'the', 'Overall', 'SpaceStation', '.', 'Blackberry', 'will', 'rule', 'Space', 'in', 'future', 'along', 'with', 'its', 'over', '2000', 'top', 'tier', 'partners', '!']","['$', 'BB', '$', 'TSLA', '$', 'Aapl', '$', 'Msft', 'Blackberry', 'QNX', 'used', 'SpaceX', 'Satellites', 'launch', 'Global', 'Internet', 'service', 'Musk', ',', 'It', 'also', 'used', 'Overall', 'SpaceStation', '.', 'Blackberry', 'rule', 'Space', 'future', 'along', '2000', 'top', 'tier', 'partners', '!']"
2021-02-10,286952949,"$AMC More ppl hold this than $AAPL , That should tell you all you need to know üö®üî•üö®üî•",Bullish,01:48:17Z,"['$', 'AMC', 'More', 'ppl', 'hold', 'this', 'than', '$', 'AAPL', ',', 'That', 'should', 'tell', 'you', 'all', 'you', 'need', 'to', 'know', 'üö®üî•üö®üî•']","['$', 'AMC', 'More', 'ppl', 'hold', '$', 'AAPL', ',', 'That', 'tell', 'need', 'know', 'üö®üî•üö®üî•']"
2021-02-10,286952599,"$AMZN $AAPL $MSFT $TSLA $BA Im all in, do you think all survive? https://youtu.be/oSHcACt1sCE",Bullish,01:47:28Z,"['$', 'AMZN', '$', 'AAPL', '$', 'MSFT', '$', 'TSLA', '$', 'BA', 'Im', 'all', 'in', ',', 'do', 'you', 'think', 'all', 'survive', '?', 'https', ':', '//youtu.be/oSHcACt1sCE']","['$', 'AMZN', '$', 'AAPL', '$', 'MSFT', '$', 'TSLA', '$', 'BA', 'Im', ',', 'think', 'survive', '?', 'https', ':', '//youtu.be/oSHcACt1sCE']"
2021-02-10,286952594,$VCVC Will be partnering with $AAPL,Bullish,01:47:27Z,"['$', 'VCVC', 'Will', 'be', 'partnering', 'with', '$', 'AAPL']","['$', 'VCVC', 'Will', 'partnering', '$', 'AAPL']"
2021-02-10,286951883,"$BABA the most boring stock in hong kong, whats going on? Bidu is more fun",N/A,01:45:45Z,"['$', 'BABA', 'the', 'most', 'boring', 'stock', 'in', 'hong', 'kong', ',', 'whats', 'going', 'on', '?', 'Bidu', 'is', 'more', 'fun']","['$', 'BABA', 'boring', 'stock', 'hong', 'kong', ',', 'whats', 'going', '?', 'Bidu', 'fun']"
2021-02-10,286951747,"$BB $TSLA $NIO $AMZN $AAPL BlackBerry stock become the next Tesla!
BlackBerry‚Äôs QNX real-time operating system has become extremely popular among large automakers in the last few years. Many carmakers ‚Äî including Ford, General Motors, Hyundai, and BMW, to name a few ‚Äî use the QNX platform in their cars. This implies that BlackBerry already has good business relations with large automakers globally.
Recently, BlackBerry‚Äôs management has shifted its focus on benefiting from rising EVs and smart mobility demand. The demand for electric cars and smart mobility services is expected to skyrocket in the next decade. That‚Äôs why BlackBerry recently partnered with Amazon Web Services to build an integrated vehicle data platform that would be extremely useful for automated cars and EVs.
Also, BB is now targeting China ‚Äî the world‚Äôs largest EV market. In China, its recently expanded partnership with Baidu would allow its QNX Neutrino operating system to be used in mass-produced electric cars.",N/A,01:45:25Z,"['$', 'BB', '$', 'TSLA', '$', 'NIO', '$', 'AMZN', '$', 'AAPL', 'BlackBerry', 'stock', 'become', 'the', 'next', 'Tesla', '!', 'BlackBerry', '‚Äô', 's', 'QNX', 'real-time', 'operating', 'system', 'has', 'become', 'extremely', 'popular', 'among', 'large', 'automakers', 'in', 'the', 'last', 'few', 'years', '.', 'Many', 'carmakers', '‚Äî', 'including', 'Ford', ',', 'General', 'Motors', ',', 'Hyundai', ',', 'and', 'BMW', ',', 'to', 'name', 'a', 'few', '‚Äî', 'use', 'the', 'QNX', 'platform', 'in', 'their', 'cars', '.', 'This', 'implies', 'that', 'BlackBerry', 'already', 'has', 'good', 'business', 'relations', 'with', 'large', 'automakers', 'globally', '.', 'Recently', ',', 'BlackBerry', '‚Äô', 's', 'management', 'has', 'shifted', 'its', 'focus', 'on', 'benefiting', 'from', 'rising', 'EVs', 'and', 'smart', 'mobility', 'demand', '.', 'The', 'demand', 'for', 'electric', 'cars', 'and', 'smart', 'mobility', 'services', 'is', 'expected', 'to', 'skyrocket', 'in', 'the', 'next', 'decade', '.', 'That', '‚Äô', 's', 'why', 'BlackBerry', 'recently', 'partnered', 'with', 'Amazon', 'Web', 'Services', 'to', 'build', 'an', 'integrated', 'vehicle', 'data', 'platform', 'that', 'would', 'be', 'extremely', 'useful', 'for', 'automated', 'cars', 'and', 'EVs', '.', 'Also', ',', 'BB', 'is', 'now', 'targeting', 'China', '‚Äî', 'the', 'world', '‚Äô', 's', 'largest', 'EV', 'market', '.', 'In', 'China', ',', 'its', 'recently', 'expanded', 'partnership', 'with', 'Baidu', 'would', 'allow', 'its', 'QNX', 'Neutrino', 'operating', 'system', 'to', 'be', 'used', 'in', 'mass-produced', 'electric', 'cars', '.']","['$', 'BB', '$', 'TSLA', '$', 'NIO', '$', 'AMZN', '$', 'AAPL', 'BlackBerry', 'stock', 'become', 'next', 'Tesla', '!', 'BlackBerry', '‚Äô', 'QNX', 'real-time', 'operating', 'system', 'become', 'extremely', 'popular', 'among', 'large', 'automakers', 'last', 'years', '.', 'Many', 'carmakers', '‚Äî', 'including', 'Ford', ',', 'General', 'Motors', ',', 'Hyundai', ',', 'BMW', ',', 'name', '‚Äî', 'use', 'QNX', 'platform', 'cars', '.', 'This', 'implies', 'BlackBerry', 'already', 'good', 'business', 'relations', 'large', 'automakers', 'globally', '.', 'Recently', ',', 'BlackBerry', '‚Äô', 'management', 'shifted', 'focus', 'benefiting', 'rising', 'EVs', 'smart', 'mobility', 'demand', '.', 'The', 'demand', 'electric', 'cars', 'smart', 'mobility', 'services', 'expected', 'skyrocket', 'next', 'decade', '.', 'That', '‚Äô', 'BlackBerry', 'recently', 'partnered', 'Amazon', 'Web', 'Services', 'build', 'integrated', 'vehicle', 'data', 'platform', 'would', 'extremely', 'useful', 'automated', 'cars', 'EVs', '.', 'Also', ',', 'BB', 'targeting', 'China', '‚Äî', 'world', '‚Äô', 'largest', 'EV', 'market', '.', 'In', 'China', ',', 'recently', 'expanded', 'partnership', 'Baidu', 'would', 'allow', 'QNX', 'Neutrino', 'operating', 'system', 'used', 'mass-produced', 'electric', 'cars', '.']"
2021-02-10,286951729,$PLTR $TSLA behold those destined to destroy evil tech for good. $pltr is designed to end $GOOGL. $TSLA designed to end $AAPL and $MSFT. Bill Gates is terrified at the sight of these two humans. It won‚Äôt even be close.,N/A,01:45:23Z,"['$', 'PLTR', '$', 'TSLA', 'behold', 'those', 'destined', 'to', 'destroy', 'evil', 'tech', 'for', 'good', '.', '$', 'pltr', 'is', 'designed', 'to', 'end', '$', 'GOOGL', '.', '$', 'TSLA', 'designed', 'to', 'end', '$', 'AAPL', 'and', '$', 'MSFT', '.', 'Bill', 'Gates', 'is', 'terrified', 'at', 'the', 'sight', 'of', 'these', 'two', 'humans', '.', 'It', 'won', '‚Äô', 't', 'even', 'be', 'close', '.']","['$', 'PLTR', '$', 'TSLA', 'behold', 'destined', 'destroy', 'evil', 'tech', 'good', '.', '$', 'pltr', 'designed', 'end', '$', 'GOOGL', '.', '$', 'TSLA', 'designed', 'end', '$', 'AAPL', '$', 'MSFT', '.', 'Bill', 'Gates', 'terrified', 'sight', 'two', 'humans', '.', 'It', '‚Äô', 'even', 'close', '.']"
2021-02-10,286950851,$AAPL we rarely see this crap green,N/A,01:43:15Z,"['$', 'AAPL', 'we', 'rarely', 'see', 'this', 'crap', 'green']","['$', 'AAPL', 'rarely', 'see', 'crap', 'green']"
2021-02-10,286950796,$AAPL gooo guys all in in the next $GME https://www.reddit.com/r/WallStreetbetsELITE/comments/lcg5re/sell_everything_and_buy_nakd_amc_and_gme_its_over/?utm_source=share&amp;utm_medium=ios_app&amp;utm_name=iossmf,N/A,01:43:06Z,"['$', 'AAPL', 'gooo', 'guys', 'all', 'in', 'in', 'the', 'next', '$', 'GME', 'https', ':', '//www.reddit.com/r/WallStreetbetsELITE/comments/lcg5re/sell_everything_and_buy_nakd_amc_and_gme_its_over/', '?', 'utm_source=share', '&', 'amp', ';', 'utm_medium=ios_app', '&', 'amp', ';', 'utm_name=iossmf']","['$', 'AAPL', 'gooo', 'guys', 'next', '$', 'GME', 'https', ':', '//www.reddit.com/r/WallStreetbetsELITE/comments/lcg5re/sell_everything_and_buy_nakd_amc_and_gme_its_over/', '?', 'utm_source=share', '&', 'amp', ';', 'utm_medium=ios_app', '&', 'amp', ';', 'utm_name=iossmf']"
2021-02-10,286950657,$AAPL gooo all in guys the next $GME,N/A,01:42:44Z,"['$', 'AAPL', 'gooo', 'all', 'in', 'guys', 'the', 'next', '$', 'GME']","['$', 'AAPL', 'gooo', 'guys', 'next', '$', 'GME']"
2021-02-10,286950554,$AAPL does 88% last year and new arrivals calling it a turd...your impatience is your greatest enemy in building wealth.,Bullish,01:42:28Z,"['$', 'AAPL', 'does', '88', '%', 'last', 'year', 'and', 'new', 'arrivals', 'calling', 'it', 'a', 'turd', '...', 'your', 'impatience', 'is', 'your', 'greatest', 'enemy', 'in', 'building', 'wealth', '.']","['$', 'AAPL', '88', '%', 'last', 'year', 'new', 'arrivals', 'calling', 'turd', '...', 'impatience', 'greatest', 'enemy', 'building', 'wealth', '.']"
2021-02-10,286950297,"$FSR $SNDL $AAPL $ADMA 
We chillin üòé",Bullish,01:41:53Z,"['$', 'FSR', '$', 'SNDL', '$', 'AAPL', '$', 'ADMA', 'We', 'chillin', 'üòé']","['$', 'FSR', '$', 'SNDL', '$', 'AAPL', '$', 'ADMA', 'We', 'chillin', 'üòé']"
2021-02-10,286950084,"$AAPL $DIS I was doing this well 2 weeks ago, and the Wednesday thru Friday was a shitstorm. 
Disney earnings Thursday, tho. Here‚Äôs to being hopeful and making your own luck day trading",Bullish,01:41:20Z,"['$', 'AAPL', '$', 'DIS', 'I', 'was', 'doing', 'this', 'well', '2', 'weeks', 'ago', ',', 'and', 'the', 'Wednesday', 'thru', 'Friday', 'was', 'a', 'shitstorm', '.', 'Disney', 'earnings', 'Thursday', ',', 'tho', '.', 'Here', '‚Äô', 's', 'to', 'being', 'hopeful', 'and', 'making', 'your', 'own', 'luck', 'day', 'trading']","['$', 'AAPL', '$', 'DIS', 'I', 'well', '2', 'weeks', 'ago', ',', 'Wednesday', 'thru', 'Friday', 'shitstorm', '.', 'Disney', 'earnings', 'Thursday', ',', 'tho', '.', 'Here', '‚Äô', 'hopeful', 'making', 'luck', 'day', 'trading']"
2021-02-10,286949940,$ABML $CCIV $TSLA $AAPL STOCKS/MONEY/POWER!,Bullish,01:40:58Z,"['$', 'ABML', '$', 'CCIV', '$', 'TSLA', '$', 'AAPL', 'STOCKS/MONEY/POWER', '!']","['$', 'ABML', '$', 'CCIV', '$', 'TSLA', '$', 'AAPL', 'STOCKS/MONEY/POWER', '!']"
2021-02-10,286949622,$AAPL made 10k on 300 at $hcmc and it‚Äôs moving up everyday. Get in while it‚Äôs low.,Bullish,01:40:11Z,"['$', 'AAPL', 'made', '10k', 'on', '300', 'at', '$', 'hcmc', 'and', 'it', '‚Äô', 's', 'moving', 'up', 'everyday', '.', 'Get', 'in', 'while', 'it', '‚Äô', 's', 'low', '.']","['$', 'AAPL', 'made', '10k', '300', '$', 'hcmc', '‚Äô', 'moving', 'everyday', '.', 'Get', '‚Äô', 'low', '.']"
2021-02-10,286949071,$AAPL this is the gaytest stock in the market,Bearish,01:38:51Z,"['$', 'AAPL', 'this', 'is', 'the', 'gaytest', 'stock', 'in', 'the', 'market']","['$', 'AAPL', 'gaytest', 'stock', 'market']"
2021-02-10,286948991,"$AAPL oh no guys, futures green. That means this turd will bleed again tomorrow",N/A,01:38:40Z,"['$', 'AAPL', 'oh', 'no', 'guys', ',', 'futures', 'green', '.', 'That', 'means', 'this', 'turd', 'will', 'bleed', 'again', 'tomorrow']","['$', 'AAPL', 'oh', 'guys', ',', 'futures', 'green', '.', 'That', 'means', 'turd', 'bleed', 'tomorrow']"
2021-02-10,286948913,$AAPL Futures Green,N/A,01:38:30Z,"['$', 'AAPL', 'Futures', 'Green']","['$', 'AAPL', 'Futures', 'Green']"
2021-02-10,286948596,$BABA it&#39;s ok baba you can go up whenever you want.,Bullish,01:37:41Z,"['$', 'BABA', 'it', '&', '#', '39', ';', 's', 'ok', 'baba', 'you', 'can', 'go', 'up', 'whenever', 'you', 'want', '.']","['$', 'BABA', '&', '#', '39', ';', 'ok', 'baba', 'go', 'whenever', 'want', '.']"
2021-02-10,286948378,"$WATT guys I‚Äôm calling it now. $AAPL AirTags will be charged by RF made by WATT. AirTags are too small for Qi and Apple isn‚Äôt going to use watch batteries to power it like Tile. And leaks show there‚Äôs no charging port. 

Apple wants people to buy a bunch of AirTags and the inconvenience of having to charge all of them the old fashioned way is not how Apple rolls. 

Prove me wrong",Bullish,01:37:11Z,"['$', 'WATT', 'guys', 'I', '‚Äô', 'm', 'calling', 'it', 'now', '.', '$', 'AAPL', 'AirTags', 'will', 'be', 'charged', 'by', 'RF', 'made', 'by', 'WATT', '.', 'AirTags', 'are', 'too', 'small', 'for', 'Qi', 'and', 'Apple', 'isn', '‚Äô', 't', 'going', 'to', 'use', 'watch', 'batteries', 'to', 'power', 'it', 'like', 'Tile', '.', 'And', 'leaks', 'show', 'there', '‚Äô', 's', 'no', 'charging', 'port', '.', 'Apple', 'wants', 'people', 'to', 'buy', 'a', 'bunch', 'of', 'AirTags', 'and', 'the', 'inconvenience', 'of', 'having', 'to', 'charge', 'all', 'of', 'them', 'the', 'old', 'fashioned', 'way', 'is', 'not', 'how', 'Apple', 'rolls', '.', 'Prove', 'me', 'wrong']","['$', 'WATT', 'guys', 'I', '‚Äô', 'calling', '.', '$', 'AAPL', 'AirTags', 'charged', 'RF', 'made', 'WATT', '.', 'AirTags', 'small', 'Qi', 'Apple', '‚Äô', 'going', 'use', 'watch', 'batteries', 'power', 'like', 'Tile', '.', 'And', 'leaks', 'show', '‚Äô', 'charging', 'port', '.', 'Apple', 'wants', 'people', 'buy', 'bunch', 'AirTags', 'inconvenience', 'charge', 'old', 'fashioned', 'way', 'Apple', 'rolls', '.', 'Prove', 'wrong']"
2021-02-10,286948351,$BABA 262 HK premarket ? Is that fake or what ?,Bullish,01:37:08Z,"['$', 'BABA', '262', 'HK', 'premarket', '?', 'Is', 'that', 'fake', 'or', 'what', '?']","['$', 'BABA', '262', 'HK', 'premarket', '?', 'Is', 'fake', '?']"
2021-02-10,286948247,$BABA any thoughts for tmr?,N/A,01:36:52Z,"['$', 'BABA', 'any', 'thoughts', 'for', 'tmr', '?']","['$', 'BABA', 'thoughts', 'tmr', '?']"
2021-02-10,286948156,"$acst $tlry $ogi $trx $aapl   &#39;&#39;For a limited time, üìà we are opening our trading chatroom to the public! Come  learn, and get these gains  with us:   bit.ly/eagleinvestor908
  ,,,.,,,",N/A,01:36:39Z,"['$', 'acst', '$', 'tlry', '$', 'ogi', '$', 'trx', '$', 'aapl', '&', '#', '39', ';', '&', '#', '39', ';', 'For', 'a', 'limited', 'time', ',', 'üìà', 'we', 'are', 'opening', 'our', 'trading', 'chatroom', 'to', 'the', 'public', '!', 'Come', 'learn', ',', 'and', 'get', 'these', 'gains', 'with', 'us', ':', 'bit.ly/eagleinvestor908', ',', ',', ',', '.', ',', ',', ',']","['$', 'acst', '$', 'tlry', '$', 'ogi', '$', 'trx', '$', 'aapl', '&', '#', '39', ';', '&', '#', '39', ';', 'For', 'limited', 'time', ',', 'üìà', 'opening', 'trading', 'chatroom', 'public', '!', 'Come', 'learn', ',', 'get', 'gains', 'us', ':', 'bit.ly/eagleinvestor908', ',', ',', ',', '.', ',', ',', ',']"
2021-02-10,286947570,"$QQQ $SPY $IVR $AAPL $TSLA
 AM 
I 
THE
ONLY
ONE
WHO THINKS
THESE 4c 4.5c calls 
üìû üìûüìûüìûüìûüìûüìû
‚òéÔ∏è ‚òéÔ∏è ‚òéÔ∏è‚òéÔ∏è‚òéÔ∏è‚òéÔ∏è‚òéÔ∏è
Are cheap?
Please explain the best way to play this?",N/A,01:35:10Z,"['$', 'QQQ', '$', 'SPY', '$', 'IVR', '$', 'AAPL', '$', 'TSLA', 'AM', 'I', 'THE', 'ONLY', 'ONE', 'WHO', 'THINKS', 'THESE', '4c', '4.5c', 'calls', 'üìû', 'üìûüìûüìûüìûüìûüìû', '‚òéÔ∏è', '‚òéÔ∏è', '‚òéÔ∏è‚òéÔ∏è‚òéÔ∏è‚òéÔ∏è‚òéÔ∏è', 'Are', 'cheap', '?', 'Please', 'explain', 'the', 'best', 'way', 'to', 'play', 'this', '?']","['$', 'QQQ', '$', 'SPY', '$', 'IVR', '$', 'AAPL', '$', 'TSLA', 'AM', 'I', 'THE', 'ONLY', 'ONE', 'WHO', 'THINKS', 'THESE', '4c', '4.5c', 'calls', 'üìû', 'üìûüìûüìûüìûüìûüìû', '‚òéÔ∏è', '‚òéÔ∏è', '‚òéÔ∏è‚òéÔ∏è‚òéÔ∏è‚òéÔ∏è‚òéÔ∏è', 'Are', 'cheap', '?', 'Please', 'explain', 'best', 'way', 'play', '?']"
2021-02-10,286947320,"$BABA Sticking with after looking at charts with 268 and then for 265-265.50 area for end of Wave ii then upward and break 268 and then 270, once over that headed to 280-290 area.",Bullish,01:34:36Z,"['$', 'BABA', 'Sticking', 'with', 'after', 'looking', 'at', 'charts', 'with', '268', 'and', 'then', 'for', '265-265.50', 'area', 'for', 'end', 'of', 'Wave', 'ii', 'then', 'upward', 'and', 'break', '268', 'and', 'then', '270', ',', 'once', 'over', 'that', 'headed', 'to', '280-290', 'area', '.']","['$', 'BABA', 'Sticking', 'looking', 'charts', '268', '265-265.50', 'area', 'end', 'Wave', 'ii', 'upward', 'break', '268', '270', ',', 'headed', '280-290', 'area', '.']"
2021-02-10,286947238,"$BTC.X $MARA $GBTC $RIOT  The rush is on! Who will be next? 
My kids say LuluLemon. 
ZeroHedge figures $AAPL  
I figure we hear of a new major hodler by 9:00 Am tomorrow and a new major retailer by Monday. One thing is for sure, if most of Americas leading retailers have not  started buying Bitcoin yet, then they likely obtained Board approval today and the buying starts by morning.  
 
Rare Situation. You are ahead of corporate America. You are in the driver seat. The Bitcoin land rush is on. Get in before Corporate America drives the price up on us.  
 
Diamond üíé hands folks. Diamond üíé hands! 
üöÄüöÄ 
 
Lulu Lemon? Apple? Target? Walmart? Starbucks? Dominoes? Home Depot? Ford? Tesla=Yes!!! 
Who is next? https://shop.lululemon.com/story/women",Bullish,01:34:26Z,"['$', 'BTC.X', '$', 'MARA', '$', 'GBTC', '$', 'RIOT', 'The', 'rush', 'is', 'on', '!', 'Who', 'will', 'be', 'next', '?', 'My', 'kids', 'say', 'LuluLemon', '.', 'ZeroHedge', 'figures', '$', 'AAPL', 'I', 'figure', 'we', 'hear', 'of', 'a', 'new', 'major', 'hodler', 'by', '9:00', 'Am', 'tomorrow', 'and', 'a', 'new', 'major', 'retailer', 'by', 'Monday', '.', 'One', 'thing', 'is', 'for', 'sure', ',', 'if', 'most', 'of', 'Americas', 'leading', 'retailers', 'have', 'not', 'started', 'buying', 'Bitcoin', 'yet', ',', 'then', 'they', 'likely', 'obtained', 'Board', 'approval', 'today', 'and', 'the', 'buying', 'starts', 'by', 'morning', '.', 'Rare', 'Situation', '.', 'You', 'are', 'ahead', 'of', 'corporate', 'America', '.', 'You', 'are', 'in', 'the', 'driver', 'seat', '.', 'The', 'Bitcoin', 'land', 'rush', 'is', 'on', '.', 'Get', 'in', 'before', 'Corporate', 'America', 'drives', 'the', 'price', 'up', 'on', 'us', '.', 'Diamond', 'üíé', 'hands', 'folks', '.', 'Diamond', 'üíé', 'hands', '!', 'üöÄüöÄ', 'Lulu', 'Lemon', '?', 'Apple', '?', 'Target', '?', 'Walmart', '?', 'Starbucks', '?', 'Dominoes', '?', 'Home', 'Depot', '?', 'Ford', '?', 'Tesla=Yes', '!', '!', '!', 'Who', 'is', 'next', '?', 'https', ':', '//shop.lululemon.com/story/women']","['$', 'BTC.X', '$', 'MARA', '$', 'GBTC', '$', 'RIOT', 'The', 'rush', '!', 'Who', 'next', '?', 'My', 'kids', 'say', 'LuluLemon', '.', 'ZeroHedge', 'figures', '$', 'AAPL', 'I', 'figure', 'hear', 'new', 'major', 'hodler', '9:00', 'Am', 'tomorrow', 'new', 'major', 'retailer', 'Monday', '.', 'One', 'thing', 'sure', ',', 'Americas', 'leading', 'retailers', 'started', 'buying', 'Bitcoin', 'yet', ',', 'likely', 'obtained', 'Board', 'approval', 'today', 'buying', 'starts', 'morning', '.', 'Rare', 'Situation', '.', 'You', 'ahead', 'corporate', 'America', '.', 'You', 'driver', 'seat', '.', 'The', 'Bitcoin', 'land', 'rush', '.', 'Get', 'Corporate', 'America', 'drives', 'price', 'us', '.', 'Diamond', 'üíé', 'hands', 'folks', '.', 'Diamond', 'üíé', 'hands', '!', 'üöÄüöÄ', 'Lulu', 'Lemon', '?', 'Apple', '?', 'Target', '?', 'Walmart', '?', 'Starbucks', '?', 'Dominoes', '?', 'Home', 'Depot', '?', 'Ford', '?', 'Tesla=Yes', '!', '!', '!', 'Who', 'next', '?', 'https', ':', '//shop.lululemon.com/story/women']"
2021-02-10,286947210,"$SNDL $TSLA $AAPL  definitely going to buy and average up from $0.67, adding this week until we reach $5. We‚Äôre trading about a billion shares almost everyday. News media doesn‚Äôt want to report us yet. They are buying cheap shares daily!! Let‚Äôs get richü§ëü§ëüìàüöÄ",Bullish,01:34:22Z,"['$', 'SNDL', '$', 'TSLA', '$', 'AAPL', 'definitely', 'going', 'to', 'buy', 'and', 'average', 'up', 'from', '$', '0.67', ',', 'adding', 'this', 'week', 'until', 'we', 'reach', '$', '5', '.', 'We', '‚Äô', 're', 'trading', 'about', 'a', 'billion', 'shares', 'almost', 'everyday', '.', 'News', 'media', 'doesn', '‚Äô', 't', 'want', 'to', 'report', 'us', 'yet', '.', 'They', 'are', 'buying', 'cheap', 'shares', 'daily', '!', '!', 'Let', '‚Äô', 's', 'get', 'richü§ëü§ëüìàüöÄ']","['$', 'SNDL', '$', 'TSLA', '$', 'AAPL', 'definitely', 'going', 'buy', 'average', '$', '0.67', ',', 'adding', 'week', 'reach', '$', '5', '.', 'We', '‚Äô', 'trading', 'billion', 'shares', 'almost', 'everyday', '.', 'News', 'media', '‚Äô', 'want', 'report', 'us', 'yet', '.', 'They', 'buying', 'cheap', 'shares', 'daily', '!', '!', 'Let', '‚Äô', 'get', 'richü§ëü§ëüìàüöÄ']"
2021-02-10,286947209,$BABA so the Chinese gonna be on a week vacation.  ?,N/A,01:34:22Z,"['$', 'BABA', 'so', 'the', 'Chinese', 'gon', 'na', 'be', 'on', 'a', 'week', 'vacation', '.', '?']","['$', 'BABA', 'Chinese', 'gon', 'na', 'week', 'vacation', '.', '?']"
2021-02-10,286946928,$AAPL what‚Äôs going on with this? Why the sideways movement? It‚Äôs killing my calls.,Bullish,01:33:39Z,"['$', 'AAPL', 'what', '‚Äô', 's', 'going', 'on', 'with', 'this', '?', 'Why', 'the', 'sideways', 'movement', '?', 'It', '‚Äô', 's', 'killing', 'my', 'calls', '.']","['$', 'AAPL', '‚Äô', 'going', '?', 'Why', 'sideways', 'movement', '?', 'It', '‚Äô', 'killing', 'calls', '.']"
2021-02-10,286946323,$BABA I say 258 hk eod = 266 us.,N/A,01:32:09Z,"['$', 'BABA', 'I', 'say', '258', 'hk', 'eod', '=', '266', 'us', '.']","['$', 'BABA', 'I', 'say', '258', 'hk', 'eod', '=', '266', 'us', '.']"
2021-02-10,286946319,$XLK Why the fuck is garbage $CSCO our 10th largest holding?  We already have $AAPL not doing shit,N/A,01:32:09Z,"['$', 'XLK', 'Why', 'the', 'fuck', 'is', 'garbage', '$', 'CSCO', 'our', '10th', 'largest', 'holding', '?', 'We', 'already', 'have', '$', 'AAPL', 'not', 'doing', 'shit']","['$', 'XLK', 'Why', 'fuck', 'garbage', '$', 'CSCO', '10th', 'largest', 'holding', '?', 'We', 'already', '$', 'AAPL', 'shit']"
2021-02-10,286945272,"üôã‚Äç‚ôÇÔ∏è I figured out $PACB in two days üßêüò∑üí©.
 I&#39;ve  been in $BNGO since April and still learning. This company will do to the medical field what $AAPL üçé did to tech. Watch.",N/A,01:29:40Z,"['üôã\u200d‚ôÇÔ∏è', 'I', 'figured', 'out', '$', 'PACB', 'in', 'two', 'days', 'üßêüò∑üí©', '.', 'I', '&', '#', '39', ';', 've', 'been', 'in', '$', 'BNGO', 'since', 'April', 'and', 'still', 'learning', '.', 'This', 'company', 'will', 'do', 'to', 'the', 'medical', 'field', 'what', '$', 'AAPL', 'üçé', 'did', 'to', 'tech', '.', 'Watch', '.']","['üôã\u200d‚ôÇÔ∏è', 'I', 'figured', '$', 'PACB', 'two', 'days', 'üßêüò∑üí©', '.', 'I', '&', '#', '39', ';', '$', 'BNGO', 'since', 'April', 'still', 'learning', '.', 'This', 'company', 'medical', 'field', '$', 'AAPL', 'üçé', 'tech', '.', 'Watch', '.']"
2021-02-10,286945167,"$AAPL Our telegram group alerts you of top market movers 200k subscribers 
Click here ‚¨áÔ∏è
https://visionaryalerts.com",N/A,01:29:26Z,"['$', 'AAPL', 'Our', 'telegram', 'group', 'alerts', 'you', 'of', 'top', 'market', 'movers', '200k', 'subscribers', 'Click', 'here', '‚¨áÔ∏è', 'https', ':', '//visionaryalerts.com']","['$', 'AAPL', 'Our', 'telegram', 'group', 'alerts', 'top', 'market', 'movers', '200k', 'subscribers', 'Click', '‚¨áÔ∏è', 'https', ':', '//visionaryalerts.com']"
2021-02-10,286944979,"In the last month $AAPL has a been trading in the 126.86 - 145.09 range, which is quite wide. https://www.chartmill.com/stock/analyzer/stock/AAPL?key=bb853040-a4ac-41c6-b549-d218d2f21b32&amp;utm_source=stocktwits&amp;utm_medium=TA&amp;utm_content=AAPL&amp;utm_campaign=social_tracking",N/A,01:29:00Z,"['In', 'the', 'last', 'month', '$', 'AAPL', 'has', 'a', 'been', 'trading', 'in', 'the', '126.86', '-', '145.09', 'range', ',', 'which', 'is', 'quite', 'wide', '.', 'https', ':', '//www.chartmill.com/stock/analyzer/stock/AAPL', '?', 'key=bb853040-a4ac-41c6-b549-d218d2f21b32', '&', 'amp', ';', 'utm_source=stocktwits', '&', 'amp', ';', 'utm_medium=TA', '&', 'amp', ';', 'utm_content=AAPL', '&', 'amp', ';', 'utm_campaign=social_tracking']","['In', 'last', 'month', '$', 'AAPL', 'trading', '126.86', '-', '145.09', 'range', ',', 'quite', 'wide', '.', 'https', ':', '//www.chartmill.com/stock/analyzer/stock/AAPL', '?', 'key=bb853040-a4ac-41c6-b549-d218d2f21b32', '&', 'amp', ';', 'utm_source=stocktwits', '&', 'amp', ';', 'utm_medium=TA', '&', 'amp', ';', 'utm_content=AAPL', '&', 'amp', ';', 'utm_campaign=social_tracking']"
2021-02-10,286944343,$AAPL heading to 134 by end of tomorrow. MMs are dumping this pos to ride the mid caps.,Bearish,01:27:30Z,"['$', 'AAPL', 'heading', 'to', '134', 'by', 'end', 'of', 'tomorrow', '.', 'MMs', 'are', 'dumping', 'this', 'pos', 'to', 'ride', 'the', 'mid', 'caps', '.']","['$', 'AAPL', 'heading', '134', 'end', 'tomorrow', '.', 'MMs', 'dumping', 'pos', 'ride', 'mid', 'caps', '.']"
2021-02-10,286944297,$AAPL idk whats going on,Bullish,01:27:23Z,"['$', 'AAPL', 'idk', 'whats', 'going', 'on']","['$', 'AAPL', 'idk', 'whats', 'going']"
2021-02-10,286944060,$AAPL Back to $122 market correction coming.,Bearish,01:26:51Z,"['$', 'AAPL', 'Back', 'to', '$', '122', 'market', 'correction', 'coming', '.']","['$', 'AAPL', 'Back', '$', '122', 'market', 'correction', 'coming', '.']"
2021-02-10,286943995,$AAPL i‚Äôm new to all this and i‚Äôm getting anxiety,Bullish,01:26:42Z,"['$', 'AAPL', 'i', '‚Äô', 'm', 'new', 'to', 'all', 'this', 'and', 'i', '‚Äô', 'm', 'getting', 'anxiety']","['$', 'AAPL', '‚Äô', 'new', '‚Äô', 'getting', 'anxiety']"
2021-02-10,286943905,$CIOXY lets get this to 1k  watchers by tommorow morning do it for Gator $SNDL $TSLA $AAPL,Bullish,01:26:27Z,"['$', 'CIOXY', 'lets', 'get', 'this', 'to', '1k', 'watchers', 'by', 'tommorow', 'morning', 'do', 'it', 'for', 'Gator', '$', 'SNDL', '$', 'TSLA', '$', 'AAPL']","['$', 'CIOXY', 'lets', 'get', '1k', 'watchers', 'tommorow', 'morning', 'Gator', '$', 'SNDL', '$', 'TSLA', '$', 'AAPL']"
2021-02-10,286943640,$AAPL i‚Äôm new to all this and u guys are giving me anxiety bc idk what y‚Äôall talking bout,N/A,01:25:49Z,"['$', 'AAPL', 'i', '‚Äô', 'm', 'new', 'to', 'all', 'this', 'and', 'u', 'guys', 'are', 'giving', 'me', 'anxiety', 'bc', 'idk', 'what', 'y', '‚Äô', 'all', 'talking', 'bout']","['$', 'AAPL', '‚Äô', 'new', 'u', 'guys', 'giving', 'anxiety', 'bc', 'idk', '‚Äô', 'talking', 'bout']"
2021-02-10,286943496,"$AAPL Got in now because when it goes up, you&#39;re going to kick yourself if you don&#39;t!",Bearish,01:25:28Z,"['$', 'AAPL', 'Got', 'in', 'now', 'because', 'when', 'it', 'goes', 'up', ',', 'you', '&', '#', '39', ';', 're', 'going', 'to', 'kick', 'yourself', 'if', 'you', 'don', '&', '#', '39', ';', 't', '!']","['$', 'AAPL', 'Got', 'goes', ',', '&', '#', '39', ';', 'going', 'kick', '&', '#', '39', ';', '!']"
2021-02-10,286943114,"$AAPL good night guys, lets make money tomorrow $$$",N/A,01:24:31Z,"['$', 'AAPL', 'good', 'night', 'guys', ',', 'lets', 'make', 'money', 'tomorrow', '$', '$', '$']","['$', 'AAPL', 'good', 'night', 'guys', ',', 'lets', 'make', 'money', 'tomorrow', '$', '$', '$']"
2021-02-10,286942997,$AAPL red day tommorrow.  Homos,Bearish,01:24:13Z,"['$', 'AAPL', 'red', 'day', 'tommorrow', '.', 'Homos']","['$', 'AAPL', 'red', 'day', 'tommorrow', '.', 'Homos']"
2021-02-10,286942941,$BABA bro I‚Äôm never selling.....,N/A,01:24:04Z,"['$', 'BABA', 'bro', 'I', '‚Äô', 'm', 'never', 'selling', '...', '..']","['$', 'BABA', 'bro', 'I', '‚Äô', 'never', 'selling', '...', '..']"
2021-02-10,286942399,$BABA  BABA get ya BABA,N/A,01:22:39Z,"['$', 'BABA', 'BABA', 'get', 'ya', 'BABA']","['$', 'BABA', 'BABA', 'get', 'ya', 'BABA']"
2021-02-10,286941922,$AAPL Nissan would be dope,N/A,01:21:27Z,"['$', 'AAPL', 'Nissan', 'would', 'be', 'dope']","['$', 'AAPL', 'Nissan', 'would', 'dope']"
2021-02-10,286941341,I heard a rumor $CSCO will make the $AAPL car,Bullish,01:19:57Z,"['I', 'heard', 'a', 'rumor', '$', 'CSCO', 'will', 'make', 'the', '$', 'AAPL', 'car']","['I', 'heard', 'rumor', '$', 'CSCO', 'make', '$', 'AAPL', 'car']"
2021-02-10,286941189,"$AAPL 
On August 2020 iy hit all time high of 138 and went down to 105...
In January 2021 it hit all time high of 145 ish...it will definetly go down below 115 soon....if coupled with market correction....this will see hell...below 85 for sure...
Careful here....",N/A,01:19:33Z,"['$', 'AAPL', 'On', 'August', '2020', 'iy', 'hit', 'all', 'time', 'high', 'of', '138', 'and', 'went', 'down', 'to', '105', '...', 'In', 'January', '2021', 'it', 'hit', 'all', 'time', 'high', 'of', '145', 'ish', '...', 'it', 'will', 'definetly', 'go', 'down', 'below', '115', 'soon', '...', '.if', 'coupled', 'with', 'market', 'correction', '...', '.this', 'will', 'see', 'hell', '...', 'below', '85', 'for', 'sure', '...', 'Careful', 'here', '...', '.']","['$', 'AAPL', 'On', 'August', '2020', 'iy', 'hit', 'time', 'high', '138', 'went', '105', '...', 'In', 'January', '2021', 'hit', 'time', 'high', '145', 'ish', '...', 'definetly', 'go', '115', 'soon', '...', '.if', 'coupled', 'market', 'correction', '...', '.this', 'see', 'hell', '...', '85', 'sure', '...', 'Careful', '...', '.']"
